zipcode,highSES_SVI,state
01001,0,MA
01002,1,MA
01003,1,MA
01005,0,MA
01007,0,MA
01008,0,MA
01009,0,MA
01010,0,MA
01011,0,MA
01012,0,MA
01013,1,MA
01020,0,MA
01022,0,MA
01026,0,MA
01027,0,MA
01028,0,MA
01029,0,MA
01030,0,MA
01031,0,MA
01032,0,MA
01033,0,MA
01034,0,MA
01035,0,MA
01036,0,MA
01037,0,MA
01038,0,MA
01039,0,MA
01040,1,MA
01050,0,MA
01053,0,MA
01054,0,MA
01056,0,MA
01057,0,MA
01060,0,MA
01062,0,MA
01063,0,MA
01066,0,MA
01068,0,MA
01069,0,MA
01070,0,MA
01071,0,MA
01072,0,MA
01073,0,MA
01074,0,MA
01075,0,MA
01077,0,MA
01079,0,MA
01080,1,MA
01081,0,MA
01082,0,MA
01083,0,MA
01084,0,MA
01085,0,MA
01086,0,MA
01088,0,MA
01089,0,MA
01092,0,MA
01093,0,MA
01094,0,MA
01095,0,MA
01096,0,MA
01097,0,MA
01098,0,MA
01103,1,MA
01104,1,MA
01105,1,MA
01106,0,MA
01107,1,MA
01108,1,MA
01109,1,MA
01118,0,MA
01119,1,MA
01128,0,MA
01129,0,MA
01151,1,MA
01199,1,MA
01201,0,MA
01220,0,MA
01222,0,MA
01223,0,MA
01224,0,MA
01225,0,MA
01226,0,MA
01229,0,MA
01230,0,MA
01235,0,MA
01236,0,MA
01237,0,MA
01238,0,MA
01240,0,MA
01242,0,MA
01243,0,MA
01244,0,MA
01245,0,MA
01247,1,MA
01253,0,MA
01254,0,MA
01255,0,MA
01256,0,MA
01257,0,MA
01258,0,MA
01259,0,MA
01260,0,MA
01262,0,MA
01264,0,MA
01266,0,MA
01267,0,MA
01270,0,MA
01301,0,MA
01330,0,MA
01331,0,MA
01337,0,MA
01338,0,MA
01339,0,MA
01340,0,MA
01341,0,MA
01342,0,MA
01343,0,MA
01344,0,MA
01346,0,MA
01347,0,MA
01349,0,MA
01350,0,MA
01351,0,MA
01354,0,MA
01355,0,MA
01360,0,MA
01364,0,MA
01366,0,MA
01367,0,MA
01368,1,MA
01370,0,MA
01373,0,MA
01375,0,MA
01376,0,MA
01378,0,MA
01379,0,MA
01420,1,MA
01430,0,MA
01431,0,MA
01432,0,MA
01434,0,MA
01436,0,MA
01438,0,MA
01440,0,MA
01450,0,MA
01451,0,MA
01452,0,MA
01453,0,MA
01460,0,MA
01462,0,MA
01463,0,MA
01464,0,MA
01467,0,MA
01468,0,MA
01469,0,MA
01473,0,MA
01474,0,MA
01475,0,MA
01501,0,MA
01503,0,MA
01504,0,MA
01505,0,MA
01506,0,MA
01507,0,MA
01510,0,MA
01515,0,MA
01516,0,MA
01518,0,MA
01519,0,MA
01520,0,MA
01521,0,MA
01522,0,MA
01523,0,MA
01524,0,MA
01525,0,MA
01527,0,MA
01529,0,MA
01531,0,MA
01532,0,MA
01534,0,MA
01535,0,MA
01536,0,MA
01537,0,MA
01540,0,MA
01541,0,MA
01542,0,MA
01543,0,MA
01545,0,MA
01550,1,MA
01560,0,MA
01561,0,MA
01562,0,MA
01564,0,MA
01566,0,MA
01568,0,MA
01569,0,MA
01570,0,MA
01571,0,MA
01581,0,MA
01583,0,MA
01585,0,MA
01588,0,MA
01590,0,MA
01602,0,MA
01603,1,MA
01604,0,MA
01605,1,MA
01606,0,MA
01607,0,MA
01608,1,MA
01609,0,MA
01610,1,MA
01611,0,MA
01612,0,MA
01701,0,MA
01702,0,MA
01718,0,MA
01719,0,MA
01720,0,MA
01721,0,MA
01730,0,MA
01731,0,MA
01740,0,MA
01741,0,MA
01742,0,MA
01745,0,MA
01746,0,MA
01747,0,MA
01748,0,MA
01749,0,MA
01752,0,MA
01754,0,MA
01756,0,MA
01757,0,MA
01760,0,MA
01770,0,MA
01772,0,MA
01773,0,MA
01775,0,MA
01776,0,MA
01778,0,MA
01801,0,MA
01803,0,MA
01810,0,MA
01821,0,MA
01824,0,MA
01826,0,MA
01827,0,MA
01830,0,MA
01832,0,MA
01833,0,MA
01834,0,MA
01835,0,MA
01840,1,MA
01841,1,MA
01843,1,MA
01844,0,MA
01845,0,MA
01850,1,MA
01851,1,MA
01852,1,MA
01854,1,MA
01860,0,MA
01862,0,MA
01863,0,MA
01864,0,MA
01867,0,MA
01876,0,MA
01879,0,MA
01880,0,MA
01886,0,MA
01887,0,MA
01890,0,MA
01901,1,MA
01902,1,MA
01904,0,MA
01905,1,MA
01906,0,MA
01907,0,MA
01908,0,MA
01913,0,MA
01915,0,MA
01921,0,MA
01922,0,MA
01923,0,MA
01929,0,MA
01930,0,MA
01937,0,MA
01938,0,MA
01940,0,MA
01944,0,MA
01945,0,MA
01949,0,MA
01950,0,MA
01951,0,MA
01952,0,MA
01960,0,MA
01966,0,MA
01969,0,MA
01970,0,MA
01982,0,MA
01983,0,MA
01984,0,MA
01985,0,MA
02019,0,MA
02021,0,MA
02025,0,MA
02026,0,MA
02030,0,MA
02032,0,MA
02035,0,MA
02038,0,MA
02043,0,MA
02045,0,MA
02047,0,MA
02048,0,MA
02050,0,MA
02052,0,MA
02053,0,MA
02054,0,MA
02056,0,MA
02061,0,MA
02062,0,MA
02066,0,MA
02067,0,MA
02071,0,MA
02072,0,MA
02081,0,MA
02090,0,MA
02093,0,MA
02108,0,MA
02109,0,MA
02110,0,MA
02111,1,MA
02113,0,MA
02114,0,MA
02115,1,MA
02116,0,MA
02118,1,MA
02119,1,MA
02120,1,MA
02121,1,MA
02122,1,MA
02124,1,MA
02125,1,MA
02126,1,MA
02127,0,MA
02128,1,MA
02129,0,MA
02130,0,MA
02131,0,MA
02132,0,MA
02134,0,MA
02135,0,MA
02136,1,MA
02138,0,MA
02139,0,MA
02140,0,MA
02141,0,MA
02142,0,MA
02143,0,MA
02144,0,MA
02145,0,MA
02148,0,MA
02149,1,MA
02150,1,MA
02151,1,MA
02152,0,MA
02155,0,MA
02163,1,MA
02169,0,MA
02170,0,MA
02171,0,MA
02176,0,MA
02180,0,MA
02184,0,MA
02186,0,MA
02188,0,MA
02189,0,MA
02190,0,MA
02191,0,MA
02199,0,MA
02203,0,MA
02210,0,MA
02215,1,MA
02301,1,MA
02302,1,MA
02322,0,MA
02324,0,MA
02330,0,MA
02332,0,MA
02333,0,MA
02338,0,MA
02339,0,MA
02341,0,MA
02343,0,MA
02346,0,MA
02347,0,MA
02351,0,MA
02356,0,MA
02357,0,MA
02359,0,MA
02360,0,MA
02364,0,MA
02366,0,MA
02367,0,MA
02368,0,MA
02370,0,MA
02375,0,MA
02379,0,MA
02382,0,MA
02420,0,MA
02421,0,MA
02445,0,MA
02446,0,MA
02451,0,MA
02452,0,MA
02453,0,MA
02457,0,MA
02458,0,MA
02459,0,MA
02460,0,MA
02461,0,MA
02462,0,MA
02464,0,MA
02465,0,MA
02466,0,MA
02467,0,MA
02468,0,MA
02472,0,MA
02474,0,MA
02476,0,MA
02478,0,MA
02481,0,MA
02482,0,MA
02492,0,MA
02493,0,MA
02494,0,MA
02532,0,MA
02534,0,MA
02535,0,MA
02536,0,MA
02537,0,MA
02538,0,MA
02539,0,MA
02540,0,MA
02542,0,MA
02543,0,MA
02553,0,MA
02554,0,MA
02556,0,MA
02557,0,MA
02558,0,MA
02559,0,MA
02561,0,MA
02562,0,MA
02563,0,MA
02564,0,MA
02568,0,MA
02571,0,MA
02575,0,MA
02576,0,MA
02584,0,MA
02601,0,MA
02630,0,MA
02631,0,MA
02632,0,MA
02633,0,MA
02635,0,MA
02637,0,MA
02638,0,MA
02639,0,MA
02641,0,MA
02642,0,MA
02643,0,MA
02644,0,MA
02645,0,MA
02646,0,MA
02647,0,MA
02648,0,MA
02649,0,MA
02650,0,MA
02651,0,MA
02652,0,MA
02653,0,MA
02655,0,MA
02657,0,MA
02659,0,MA
02660,0,MA
02663,0,MA
02664,0,MA
02666,0,MA
02667,0,MA
02668,0,MA
02669,0,MA
02670,0,MA
02671,0,MA
02672,0,MA
02673,0,MA
02675,0,MA
02702,0,MA
02703,0,MA
02713,0,MA
02715,0,MA
02717,0,MA
02718,0,MA
02719,0,MA
02720,1,MA
02721,1,MA
02723,1,MA
02724,1,MA
02725,0,MA
02726,0,MA
02738,0,MA
02739,0,MA
02740,1,MA
02743,0,MA
02744,1,MA
02745,1,MA
02746,1,MA
02747,0,MA
02748,0,MA
02760,0,MA
02762,0,MA
02763,0,MA
02764,0,MA
02766,0,MA
02767,0,MA
02769,0,MA
02770,0,MA
02771,0,MA
02777,0,MA
02779,0,MA
02780,0,MA
02790,0,MA
02791,0,MA
02802,0,RI
02804,0,RI
02806,0,RI
02807,0,RI
02808,0,RI
02809,0,RI
02812,0,RI
02813,0,RI
02814,0,RI
02815,0,RI
02816,0,RI
02817,0,RI
02818,0,RI
02822,0,RI
02825,0,RI
02826,0,RI
02827,0,RI
02828,0,RI
02830,0,RI
02831,0,RI
02832,0,RI
02833,0,RI
02835,0,RI
02836,0,RI
02837,0,RI
02838,0,RI
02839,0,RI
02840,0,RI
02841,1,RI
02842,0,RI
02852,0,RI
02857,0,RI
02858,0,RI
02859,0,RI
02860,1,RI
02861,0,MA
02861,0,RI
02863,1,RI
02864,0,RI
02865,0,RI
02871,0,RI
02872,0,RI
02873,0,RI
02874,0,RI
02875,0,RI
02876,0,RI
02878,0,RI
02879,0,RI
02881,0,RI
02882,0,RI
02885,0,RI
02886,0,RI
02888,0,RI
02889,0,RI
02891,0,RI
02892,0,RI
02893,0,RI
02894,0,RI
02895,1,RI
02896,0,RI
02898,0,RI
02903,1,RI
02904,0,RI
02905,1,RI
02906,0,RI
02907,1,RI
02908,1,RI
02909,1,RI
02910,1,RI
02911,0,RI
02912,0,RI
02914,1,RI
02915,0,RI
02916,0,RI
02917,0,RI
02919,0,RI
02920,0,RI
02921,0,RI
03031,0,NH
03032,0,NH
03033,0,NH
03034,0,NH
03036,0,NH
03037,0,NH
03038,0,NH
03042,0,NH
03043,0,NH
03044,0,NH
03045,0,NH
03046,0,NH
03047,0,NH
03048,0,NH
03049,0,NH
03051,0,NH
03052,0,NH
03053,0,NH
03054,0,NH
03055,0,NH
03057,0,NH
03060,0,NH
03062,0,NH
03063,0,NH
03064,0,NH
03070,0,NH
03071,0,NH
03076,0,NH
03077,0,NH
03079,0,NH
03082,0,NH
03084,0,NH
03086,0,NH
03087,0,NH
03101,1,NH
03102,0,NH
03103,1,NH
03104,0,NH
03106,0,NH
03109,0,NH
03110,0,NH
03215,0,NH
03216,0,NH
03217,0,NH
03218,0,NH
03220,0,NH
03221,0,NH
03222,0,NH
03223,0,NH
03224,0,NH
03225,0,NH
03226,0,NH
03227,0,NH
03229,0,NH
03230,0,NH
03231,0,NH
03233,0,NH
03234,0,NH
03235,0,NH
03237,0,NH
03238,0,NH
03240,0,NH
03241,0,NH
03242,0,NH
03243,0,NH
03244,0,NH
03245,0,NH
03246,0,NH
03249,0,NH
03251,0,NH
03253,0,NH
03254,0,NH
03255,0,NH
03256,0,NH
03257,0,NH
03258,0,NH
03259,0,NH
03260,0,NH
03261,0,NH
03262,0,NH
03263,0,NH
03264,0,NH
03266,0,NH
03268,0,NH
03269,0,NH
03273,0,NH
03275,0,NH
03276,0,NH
03278,0,NH
03279,0,NH
03280,0,NH
03281,0,NH
03282,0,NH
03284,0,NH
03285,0,NH
03287,0,NH
03290,0,NH
03291,0,NH
03293,0,NH
03301,0,NH
03303,0,NH
03304,0,NH
03307,0,NH
03431,0,NH
03440,0,NH
03441,1,NH
03442,0,NH
03443,0,NH
03444,0,NH
03445,0,NH
03446,0,NH
03447,0,NH
03448,0,NH
03449,0,NH
03450,0,NH
03451,0,NH
03452,0,NH
03455,0,NH
03456,0,NH
03457,0,NH
03458,0,NH
03461,0,NH
03462,0,NH
03464,0,NH
03465,0,NH
03466,0,NH
03467,0,NH
03470,0,NH
03561,0,NH
03570,1,NH
03574,0,NH
03575,0,NH
03576,0,NH
03579,0,ME
03579,0,NH
03580,0,NH
03581,0,NH
03582,1,NH
03583,0,NH
03584,0,NH
03585,0,NH
03586,0,NH
03588,0,NH
03590,1,NH
03592,0,NH
03593,0,NH
03595,0,NH
03597,1,NH
03598,1,NH
03601,0,NH
03602,0,NH
03603,0,NH
03604,0,NH
03605,0,NH
03607,0,NH
03608,0,NH
03609,0,NH
03740,0,NH
03741,0,NH
03743,0,NH
03745,0,NH
03746,0,NH
03748,0,NH
03750,0,NH
03751,0,NH
03752,0,NH
03753,0,NH
03754,0,NH
03755,0,NH
03765,0,NH
03766,0,NH
03768,0,NH
03770,0,NH
03771,0,NH
03773,0,NH
03774,0,NH
03777,0,NH
03779,0,NH
03780,0,NH
03781,0,NH
03782,0,NH
03784,0,NH
03785,0,NH
03801,0,NH
03809,0,NH
03810,0,NH
03811,0,NH
03812,0,NH
03813,0,NH
03814,0,NH
03816,0,NH
03817,0,NH
03818,0,NH
03819,0,NH
03820,0,NH
03823,0,NH
03824,0,NH
03825,0,NH
03826,0,NH
03827,0,NH
03830,0,NH
03832,0,NH
03833,0,NH
03835,0,NH
03836,0,NH
03837,0,NH
03838,0,NH
03839,0,NH
03840,0,NH
03841,0,NH
03842,0,NH
03844,0,NH
03845,0,NH
03846,0,NH
03847,0,NH
03848,0,NH
03849,0,NH
03850,0,NH
03851,0,NH
03852,0,NH
03853,0,NH
03854,0,NH
03855,0,NH
03856,0,NH
03857,0,NH
03858,0,NH
03860,0,NH
03861,0,NH
03862,0,NH
03864,0,NH
03865,0,NH
03867,0,NH
03868,0,NH
03869,0,NH
03870,0,NH
03871,0,NH
03872,0,NH
03873,0,NH
03874,0,NH
03875,0,NH
03878,0,NH
03882,0,NH
03883,0,NH
03884,0,NH
03885,0,NH
03886,0,NH
03887,0,NH
03890,0,NH
03894,0,NH
03901,0,ME
03902,0,ME
03903,0,ME
03904,0,ME
03905,0,ME
03906,0,ME
03907,0,ME
03908,0,ME
03909,0,ME
03910,0,ME
03911,0,ME
04001,0,ME
04002,0,ME
04003,0,ME
04005,0,ME
04006,0,ME
04008,0,ME
04009,0,ME
04010,0,ME
04011,0,ME
04015,0,ME
04017,0,ME
04019,0,ME
04020,1,ME
04021,0,ME
04022,0,ME
04024,0,ME
04027,0,ME
04029,0,ME
04030,0,ME
04032,0,ME
04037,0,ME
04038,0,ME
04039,0,ME
04040,0,ME
04041,1,ME
04042,0,ME
04043,0,ME
04046,0,ME
04047,1,ME
04048,0,ME
04049,0,ME
04050,0,ME
04051,0,ME
04055,0,ME
04056,0,ME
04057,0,ME
04061,0,ME
04062,0,ME
04063,0,ME
04064,0,ME
04066,0,ME
04068,1,ME
04069,0,ME
04071,0,ME
04072,0,ME
04073,0,ME
04074,0,ME
04076,0,ME
04079,0,ME
04083,0,ME
04084,0,ME
04085,0,ME
04086,0,ME
04087,0,ME
04088,0,ME
04090,0,ME
04091,0,ME
04092,0,ME
04093,0,ME
04095,0,ME
04096,0,ME
04097,0,ME
04101,0,ME
04102,0,ME
04103,0,ME
04105,0,ME
04106,0,ME
04107,0,ME
04108,0,ME
04109,0,ME
04110,0,ME
04210,0,ME
04216,0,ME
04217,0,ME
04219,0,ME
04220,0,ME
04221,1,ME
04222,0,ME
04224,1,ME
04226,0,ME
04227,1,ME
04228,1,ME
04231,1,ME
04234,0,ME
04236,0,ME
04237,0,ME
04238,1,ME
04239,0,ME
04240,1,ME
04250,0,ME
04252,0,ME
04253,0,ME
04254,1,ME
04255,1,ME
04256,0,ME
04257,0,ME
04258,0,ME
04259,0,ME
04260,0,ME
04261,0,ME
04263,0,ME
04265,0,ME
04267,0,ME
04268,1,ME
04270,1,ME
04271,1,ME
04274,0,ME
04275,0,ME
04276,1,ME
04280,0,ME
04281,1,ME
04282,0,ME
04284,0,ME
04285,1,ME
04286,0,ME
04287,0,ME
04289,1,ME
04290,0,ME
04292,0,ME
04294,0,ME
04330,0,ME
04342,0,ME
04343,0,ME
04344,0,ME
04345,0,ME
04346,0,ME
04347,0,ME
04348,0,ME
04349,0,ME
04350,0,ME
04351,0,ME
04352,0,ME
04353,0,ME
04354,0,ME
04355,0,ME
04357,0,ME
04358,0,ME
04359,0,ME
04360,0,ME
04363,0,ME
04364,0,ME
04401,0,ME
04406,1,ME
04408,1,ME
04410,1,ME
04411,0,ME
04412,0,ME
04413,1,ME
04414,1,ME
04415,1,ME
04416,0,ME
04417,1,ME
04418,1,ME
04419,0,ME
04421,0,ME
04422,0,ME
04424,1,ME
04426,1,ME
04427,0,ME
04428,0,ME
04429,0,ME
04430,1,ME
04431,0,ME
04434,1,ME
04435,0,ME
04438,0,ME
04441,0,ME
04442,0,ME
04443,1,ME
04444,0,ME
04448,1,ME
04449,1,ME
04450,0,ME
04451,1,ME
04453,1,ME
04454,1,ME
04455,1,ME
04456,0,ME
04457,1,ME
04459,1,ME
04460,1,ME
04461,0,ME
04462,0,ME
04463,1,ME
04464,0,ME
04468,0,ME
04469,1,ME
04471,0,ME
04472,0,ME
04473,1,ME
04474,0,ME
04475,1,ME
04476,0,ME
04478,1,ME
04479,1,ME
04481,1,ME
04485,1,ME
04487,1,ME
04488,1,ME
04489,0,ME
04490,1,ME
04491,1,ME
04492,1,ME
04493,1,ME
04495,1,ME
04496,1,ME
04497,1,ME
04530,0,ME
04535,0,ME
04537,0,ME
04538,0,ME
04539,0,ME
04541,0,ME
04543,0,ME
04544,0,ME
04547,0,ME
04548,0,ME
04551,0,ME
04553,0,ME
04554,0,ME
04555,0,ME
04556,0,ME
04558,0,ME
04562,0,ME
04563,0,ME
04564,0,ME
04568,0,ME
04570,0,ME
04571,0,ME
04572,0,ME
04573,0,ME
04574,0,ME
04575,0,ME
04576,0,ME
04578,0,ME
04579,0,ME
04605,0,ME
04606,1,ME
04607,0,ME
04609,0,ME
04611,1,ME
04612,0,ME
04613,0,ME
04614,0,ME
04616,0,ME
04617,0,ME
04619,1,ME
04622,1,ME
04623,1,ME
04624,0,ME
04625,0,ME
04626,1,ME
04627,0,ME
04628,1,ME
04629,0,ME
04630,0,ME
04631,1,ME
04634,1,ME
04635,0,ME
04637,1,ME
04640,0,ME
04642,0,ME
04643,1,ME
04644,0,ME
04645,0,ME
04646,0,ME
04648,1,ME
04649,1,ME
04650,0,ME
04652,1,ME
04653,0,ME
04654,1,ME
04655,0,ME
04657,0,ME
04658,1,ME
04660,0,ME
04662,0,ME
04664,0,ME
04666,0,ME
04667,1,ME
04668,1,ME
04669,0,ME
04671,1,ME
04673,0,ME
04674,0,ME
04675,0,ME
04676,0,ME
04677,1,ME
04679,0,ME
04680,1,ME
04681,0,ME
04683,0,ME
04684,0,ME
04685,0,ME
04686,1,ME
04691,0,ME
04693,0,ME
04694,0,ME
04730,1,ME
04732,1,ME
04733,1,ME
04734,1,ME
04735,1,ME
04736,1,ME
04739,1,ME
04740,0,ME
04741,1,ME
04742,0,ME
04743,1,ME
04745,0,ME
04746,1,ME
04747,1,ME
04750,1,ME
04756,0,ME
04757,0,ME
04758,1,ME
04760,1,ME
04761,1,ME
04762,1,ME
04763,1,ME
04764,1,ME
04765,1,ME
04766,1,ME
04768,1,ME
04769,1,ME
04772,1,ME
04773,0,ME
04774,1,ME
04776,1,ME
04777,1,ME
04779,1,ME
04780,1,ME
04781,1,ME
04783,1,ME
04785,1,ME
04786,1,ME
04787,1,ME
04841,0,ME
04843,0,ME
04847,0,ME
04848,0,ME
04849,0,ME
04851,0,ME
04852,0,ME
04853,0,ME
04854,0,ME
04855,0,ME
04856,0,ME
04858,0,ME
04859,0,ME
04860,0,ME
04861,0,ME
04862,0,ME
04863,0,ME
04864,0,ME
04901,0,ME
04910,0,ME
04911,1,ME
04912,1,ME
04915,0,ME
04917,0,ME
04918,0,ME
04920,0,ME
04921,1,ME
04922,1,ME
04923,1,ME
04924,1,ME
04925,1,ME
04926,0,ME
04927,1,ME
04928,0,ME
04929,1,ME
04930,1,ME
04932,0,ME
04933,0,ME
04936,1,ME
04937,1,ME
04938,0,ME
04939,0,ME
04940,0,ME
04941,0,ME
04942,1,ME
04943,1,ME
04944,1,ME
04945,1,ME
04947,0,ME
04949,0,ME
04950,1,ME
04951,1,ME
04952,0,ME
04953,0,ME
04955,0,ME
04956,0,ME
04957,1,ME
04958,1,ME
04961,1,ME
04962,0,ME
04963,0,ME
04964,0,ME
04965,1,ME
04966,1,ME
04967,1,ME
04969,0,ME
04970,0,ME
04971,1,ME
04973,0,ME
04974,0,ME
04975,1,ME
04976,1,ME
04978,1,ME
04979,1,ME
04981,0,ME
04982,1,ME
04983,0,ME
04984,1,ME
04985,1,ME
04986,0,ME
04987,1,ME
04988,0,ME
04989,0,ME
04992,0,ME
05001,0,VT
05031,0,VT
05032,0,VT
05033,0,VT
05034,0,VT
05035,0,VT
05036,0,VT
05037,0,VT
05038,0,VT
05039,0,VT
05040,0,VT
05041,0,VT
05042,0,VT
05043,0,VT
05045,0,VT
05046,0,VT
05048,0,VT
05050,0,VT
05051,1,VT
05052,0,VT
05053,0,VT
05055,0,VT
05056,0,VT
05058,0,VT
05059,0,VT
05060,0,VT
05061,0,VT
05062,0,VT
05065,0,VT
05067,0,VT
05068,0,VT
05069,0,VT
05070,0,VT
05071,0,VT
05072,0,VT
05075,0,VT
05076,0,VT
05077,0,VT
05079,0,VT
05081,1,VT
05083,0,VT
05084,0,VT
05086,0,VT
05089,0,VT
05091,0,VT
05101,0,VT
05141,0,VT
05142,0,VT
05143,0,VT
05146,0,VT
05148,0,VT
05149,0,VT
05150,1,VT
05151,0,VT
05152,0,VT
05153,0,VT
05154,0,VT
05155,0,VT
05156,0,VT
05158,0,VT
05161,0,VT
05201,0,VT
05250,0,VT
05251,0,VT
05252,0,VT
05253,0,VT
05254,0,VT
05255,0,VT
05257,0,VT
05260,1,VT
05261,1,VT
05262,0,VT
05301,0,VT
05340,0,VT
05341,0,VT
05342,0,VT
05343,0,VT
05345,0,VT
05346,0,VT
05350,0,VT
05352,0,VT
05353,0,VT
05354,0,VT
05355,0,VT
05356,0,VT
05358,0,VT
05359,0,VT
05360,0,VT
05361,0,VT
05362,0,VT
05363,0,VT
05401,0,VT
05403,0,VT
05404,1,VT
05405,1,VT
05408,0,VT
05439,0,VT
05440,0,VT
05441,0,VT
05442,0,VT
05443,0,VT
05444,0,VT
05445,0,VT
05446,0,VT
05447,0,VT
05448,0,VT
05450,0,VT
05452,0,VT
05454,0,VT
05455,0,VT
05456,0,VT
05457,0,VT
05458,0,VT
05459,0,VT
05461,0,VT
05462,0,VT
05463,0,VT
05464,0,VT
05465,0,VT
05468,0,VT
05471,1,VT
05472,0,VT
05473,0,VT
05474,0,VT
05476,1,VT
05477,0,VT
05478,0,VT
05481,0,VT
05482,0,VT
05483,0,VT
05485,0,VT
05486,0,VT
05487,0,VT
05488,0,VT
05489,0,VT
05491,0,VT
05492,0,VT
05494,0,VT
05495,0,VT
05602,0,VT
05640,0,VT
05641,0,VT
05647,0,VT
05648,0,VT
05649,0,VT
05650,0,VT
05651,0,VT
05652,0,VT
05653,0,VT
05654,0,VT
05655,0,VT
05656,0,VT
05657,0,VT
05658,0,VT
05660,0,VT
05661,0,VT
05663,0,VT
05664,0,VT
05667,0,VT
05669,0,VT
05672,0,VT
05673,0,VT
05674,0,VT
05675,0,VT
05676,0,VT
05677,0,VT
05678,0,VT
05679,0,VT
05680,0,VT
05681,0,VT
05682,0,VT
05701,0,VT
05730,0,VT
05732,0,VT
05733,0,VT
05734,0,VT
05735,0,VT
05736,0,VT
05737,0,VT
05738,0,VT
05739,0,VT
05740,0,VT
05742,0,VT
05743,0,VT
05744,0,VT
05747,0,VT
05748,0,VT
05751,0,VT
05753,0,VT
05757,0,VT
05758,0,VT
05759,0,VT
05760,0,VT
05761,0,VT
05762,0,VT
05763,0,VT
05764,0,VT
05765,0,VT
05766,0,VT
05767,0,VT
05769,0,VT
05770,0,VT
05772,0,VT
05773,0,VT
05774,0,VT
05775,0,VT
05776,0,VT
05777,0,VT
05778,0,VT
05819,0,VT
05820,1,VT
05821,0,VT
05822,1,VT
05824,1,VT
05825,1,VT
05826,1,VT
05827,1,VT
05828,0,VT
05829,0,VT
05830,0,VT
05832,0,VT
05833,0,VT
05836,0,VT
05837,0,VT
05839,0,VT
05841,0,VT
05842,0,VT
05843,0,VT
05845,1,VT
05846,0,VT
05847,1,VT
05850,0,VT
05851,0,VT
05853,0,VT
05855,0,VT
05857,0,VT
05858,1,VT
05859,0,VT
05860,1,VT
05862,0,VT
05866,0,VT
05867,0,VT
05868,0,VT
05871,0,VT
05872,0,VT
05873,0,VT
05874,0,VT
05875,0,VT
05901,1,VT
05902,1,VT
05903,1,VT
05904,1,VT
05905,1,VT
05906,1,VT
05907,1,VT
06001,0,CT
06002,0,CT
06010,0,CT
06013,0,CT
06016,0,CT
06018,0,CT
06019,0,CT
06020,0,CT
06021,0,CT
06022,0,CT
06023,0,CT
06024,0,CT
06026,0,CT
06027,0,CT
06029,0,CT
06031,0,CT
06032,0,CT
06033,0,CT
06035,0,CT
06037,0,CT
06039,0,CT
06040,0,CT
06042,0,CT
06043,0,CT
06051,1,CT
06052,0,CT
06053,1,CT
06057,0,CT
06058,0,CT
06059,0,CT
06060,0,CT
06061,0,CT
06062,0,CT
06063,0,CT
06065,0,CT
06066,0,CT
06067,0,CT
06068,0,CT
06069,0,CT
06070,0,CT
06071,0,CT
06073,0,CT
06074,0,CT
06076,0,CT
06078,0,CT
06081,0,CT
06082,0,CT
06084,0,CT
06085,0,CT
06088,0,CT
06089,0,CT
06090,0,CT
06091,0,CT
06092,0,CT
06093,0,CT
06095,0,CT
06096,0,CT
06098,0,CT
06103,0,CT
06105,0,CT
06106,1,CT
06107,0,CT
06108,1,CT
06109,0,CT
06110,0,CT
06111,0,CT
06112,1,CT
06114,1,CT
06117,0,CT
06118,0,CT
06119,0,CT
06120,1,CT
06160,1,CT
06226,1,CT
06231,0,CT
06232,0,CT
06234,0,CT
06235,0,CT
06237,0,CT
06238,0,CT
06239,0,CT
06241,0,CT
06242,0,CT
06243,0,CT
06247,0,CT
06248,0,CT
06249,0,CT
06250,0,CT
06254,0,CT
06255,0,CT
06256,1,CT
06259,0,CT
06260,0,CT
06262,0,CT
06263,0,CT
06264,0,CT
06266,1,CT
06268,1,CT
06269,1,CT
06277,0,CT
06278,0,CT
06279,0,CT
06280,1,CT
06281,0,CT
06282,0,CT
06320,1,CT
06330,0,CT
06331,0,CT
06332,0,CT
06333,0,CT
06334,0,CT
06335,0,CT
06336,0,CT
06339,0,CT
06340,0,CT
06350,0,CT
06351,0,CT
06353,0,CT
06354,0,CT
06355,0,CT
06357,0,CT
06359,0,CT
06360,0,CT
06365,0,CT
06370,0,CT
06371,0,CT
06373,0,CT
06374,1,CT
06375,0,CT
06376,0,CT
06377,0,CT
06378,0,CT
06379,0,CT
06380,1,CT
06382,0,CT
06384,0,CT
06385,0,CT
06387,0,CT
06389,0,CT
06390,0,NY
06401,1,CT
06403,0,CT
06405,0,CT
06409,0,CT
06410,0,CT
06412,0,CT
06413,0,CT
06414,0,CT
06415,0,CT
06416,0,CT
06417,0,CT
06418,1,CT
06419,0,CT
06420,0,CT
06422,0,CT
06423,0,CT
06424,0,CT
06426,0,CT
06437,0,CT
06438,0,CT
06441,0,CT
06442,0,CT
06443,0,CT
06444,0,CT
06447,0,CT
06450,0,CT
06451,0,CT
06455,0,CT
06456,0,CT
06457,0,CT
06460,0,CT
06461,0,CT
06467,0,CT
06468,0,CT
06469,0,CT
06470,0,CT
06471,0,CT
06472,0,CT
06473,0,CT
06475,0,CT
06477,0,CT
06478,0,CT
06479,0,CT
06480,0,CT
06481,0,CT
06482,0,CT
06483,0,CT
06484,0,CT
06488,0,CT
06489,0,CT
06492,0,CT
06498,0,CT
06510,0,CT
06511,1,CT
06512,0,CT
06513,1,CT
06514,0,CT
06515,1,CT
06516,1,CT
06517,0,CT
06518,0,CT
06519,1,CT
06524,0,CT
06525,0,CT
06604,1,CT
06605,1,CT
06606,1,CT
06607,1,CT
06608,1,CT
06610,1,CT
06611,0,CT
06612,0,CT
06614,0,CT
06615,0,CT
06702,1,CT
06704,1,CT
06705,1,CT
06706,1,CT
06708,1,CT
06710,1,CT
06712,0,CT
06716,0,CT
06750,0,CT
06751,0,CT
06752,0,CT
06754,0,CT
06755,0,CT
06756,0,CT
06757,0,CT
06758,0,CT
06759,0,CT
06762,0,CT
06763,0,CT
06770,0,CT
06776,0,CT
06777,0,CT
06778,0,CT
06779,0,CT
06782,0,CT
06783,0,CT
06784,0,CT
06785,0,CT
06786,0,CT
06787,0,CT
06790,0,CT
06791,0,CT
06793,0,CT
06794,0,CT
06795,0,CT
06796,0,CT
06798,0,CT
06801,0,CT
06804,0,CT
06807,0,CT
06810,0,CT
06811,0,CT
06812,0,CT
06820,0,CT
06824,0,CT
06825,0,CT
06830,0,CT
06831,0,CT
06840,0,CT
06850,0,CT
06851,0,CT
06853,0,CT
06854,0,CT
06855,0,CT
06856,0,CT
06870,0,CT
06877,0,CT
06878,0,CT
06880,0,CT
06883,0,CT
06890,0,CT
06896,0,CT
06897,0,CT
06901,0,CT
06902,0,CT
06903,0,CT
06905,0,CT
06906,0,CT
06907,0,CT
10001,0,NY
10002,1,NY
10003,0,NY
10004,0,NY
10005,0,NY
10006,0,NY
10007,0,NY
10009,0,NY
10010,0,NY
10011,0,NY
10012,0,NY
10013,0,NY
10014,0,NY
10016,0,NY
10017,0,NY
10018,0,NY
10019,0,NY
10020,0,NY
10021,0,NY
10022,0,NY
10023,0,NY
10024,0,NY
10025,0,NY
10026,1,NY
10027,1,NY
10028,0,NY
10029,1,NY
10030,1,NY
10031,1,NY
10032,1,NY
10033,1,NY
10034,1,NY
10035,1,NY
10036,0,NY
10037,1,NY
10038,0,NY
10039,1,NY
10040,1,NY
10044,0,NY
10065,0,NY
10069,0,NY
10075,0,NY
10103,0,NY
10110,0,NY
10111,0,NY
10112,0,NY
10115,0,NY
10119,0,NY
10128,0,NY
10152,0,NY
10153,0,NY
10154,0,NY
10162,0,NY
10165,0,NY
10167,0,NY
10168,0,NY
10169,0,NY
10170,0,NY
10171,0,NY
10172,0,NY
10173,0,NY
10174,0,NY
10177,0,NY
10199,0,NY
10271,0,NY
10278,0,NY
10279,0,NY
10280,0,NY
10282,0,NY
10301,0,NY
10302,0,NY
10303,1,NY
10304,1,NY
10305,0,NY
10306,0,NY
10307,0,NY
10308,0,NY
10309,0,NY
10310,0,NY
10311,0,NY
10312,0,NY
10314,0,NY
10451,1,NY
10452,1,NY
10453,1,NY
10454,1,NY
10455,1,NY
10456,1,NY
10457,1,NY
10458,1,NY
10459,1,NY
10460,1,NY
10461,1,NY
10462,1,NY
10463,1,NY
10464,0,NY
10465,0,NY
10466,1,NY
10467,1,NY
10468,1,NY
10469,1,NY
10470,1,NY
10471,0,NY
10472,1,NY
10473,1,NY
10474,1,NY
10475,1,NY
10501,0,NY
10502,0,NY
10503,0,NY
10504,0,NY
10505,0,NY
10506,0,NY
10507,0,NY
10509,0,NY
10510,0,NY
10511,0,NY
10512,0,NY
10514,0,NY
10516,0,NY
10517,0,NY
10518,0,NY
10519,0,NY
10520,0,NY
10522,0,NY
10523,0,NY
10524,0,NY
10526,0,NY
10527,0,NY
10528,0,NY
10530,0,NY
10532,0,NY
10533,0,NY
10535,0,NY
10536,0,NY
10537,0,NY
10538,0,NY
10541,0,NY
10543,0,NY
10545,0,NY
10546,0,NY
10547,0,NY
10548,0,NY
10549,0,NY
10550,1,NY
10552,0,NY
10553,1,NY
10560,0,NY
10562,0,NY
10566,0,NY
10567,0,NY
10570,0,NY
10573,0,NY
10576,0,NY
10577,0,NY
10578,0,NY
10579,0,NY
10580,0,NY
10583,0,NY
10588,0,NY
10589,0,NY
10590,0,NY
10591,0,NY
10594,0,NY
10595,0,NY
10596,0,NY
10597,0,NY
10598,0,NY
10601,0,NY
10603,0,NY
10604,0,NY
10605,0,NY
10606,0,NY
10607,0,NY
10701,1,NY
10703,1,NY
10704,0,NY
10705,1,NY
10706,0,NY
10707,0,NY
10708,0,NY
10709,0,NY
10710,0,NY
10801,0,NY
10803,0,NY
10804,0,NY
10805,0,NY
10901,0,NY
10910,0,NY
10911,0,NY
10913,0,NY
10914,0,NY
10915,0,NY
10916,0,NY
10917,0,NY
10918,0,NY
10919,0,NY
10920,0,NY
10921,0,NY
10922,0,NY
10923,0,NY
10924,0,NY
10925,0,NY
10926,0,NY
10927,1,NY
10928,0,NY
10930,0,NY
10931,0,NY
10932,0,NY
10933,0,NY
10940,0,NY
10941,0,NY
10950,0,NY
10952,1,NY
10953,0,NY
10954,0,NY
10956,0,NY
10958,0,NY
10960,0,NY
10962,0,NY
10963,0,NY
10964,0,NY
10965,0,NY
10968,0,NY
10969,0,NY
10970,0,NY
10973,0,NY
10974,0,NY
10975,0,NY
10976,0,NY
10977,1,NY
10979,0,NY
10980,0,NY
10983,0,NY
10984,0,NY
10985,0,NY
10986,0,NY
10987,0,NY
10988,0,NY
10989,0,NY
10990,0,NY
10992,0,NY
10993,1,NY
10994,0,NY
10996,0,NY
10998,0,NY
11001,0,NY
11003,0,NY
11004,0,NY
11005,0,NY
11010,0,NY
11020,0,NY
11021,0,NY
11023,0,NY
11024,0,NY
11030,0,NY
11040,0,NY
11042,0,NY
11050,0,NY
11096,1,NY
11101,0,NY
11102,0,NY
11103,0,NY
11104,0,NY
11105,0,NY
11106,0,NY
11109,0,NY
11201,0,NY
11203,1,NY
11204,1,NY
11205,1,NY
11206,1,NY
11207,1,NY
11208,1,NY
11209,0,NY
11210,0,NY
11211,0,NY
11212,1,NY
11213,1,NY
11214,1,NY
11215,0,NY
11216,0,NY
11217,0,NY
11218,1,NY
11219,1,NY
11220,1,NY
11221,1,NY
11222,0,NY
11223,1,NY
11224,1,NY
11225,1,NY
11226,1,NY
11228,1,NY
11229,0,NY
11230,1,NY
11231,0,NY
11232,1,NY
11233,1,NY
11234,0,NY
11235,0,NY
11236,0,NY
11237,1,NY
11238,0,NY
11239,1,NY
11351,1,NY
11354,1,NY
11355,1,NY
11356,0,NY
11357,0,NY
11358,0,NY
11360,0,NY
11361,0,NY
11362,0,NY
11363,0,NY
11364,0,NY
11365,0,NY
11366,0,NY
11367,0,NY
11368,1,NY
11369,1,NY
11370,0,NY
11372,0,NY
11373,1,NY
11374,0,NY
11375,0,NY
11377,0,NY
11378,0,NY
11379,0,NY
11385,0,NY
11411,0,NY
11412,0,NY
11413,0,NY
11414,0,NY
11415,0,NY
11416,1,NY
11417,1,NY
11418,0,NY
11419,1,NY
11420,1,NY
11421,1,NY
11422,0,NY
11423,0,NY
11424,0,NY
11425,0,NY
11426,0,NY
11427,0,NY
11428,0,NY
11429,1,NY
11430,1,NY
11432,1,NY
11433,1,NY
11434,1,NY
11435,1,NY
11436,1,NY
11501,0,NY
11507,0,NY
11509,0,NY
11510,0,NY
11514,0,NY
11516,0,NY
11518,0,NY
11520,0,NY
11530,0,NY
11542,0,NY
11545,0,NY
11547,0,NY
11548,0,NY
11549,0,NY
11550,0,NY
11552,0,NY
11553,0,NY
11554,0,NY
11556,1,NY
11557,0,NY
11558,0,NY
11559,0,NY
11560,0,NY
11561,0,NY
11563,0,NY
11565,0,NY
11566,0,NY
11568,0,NY
11569,0,NY
11570,0,NY
11572,0,NY
11575,0,NY
11576,0,NY
11577,0,NY
11579,0,NY
11580,0,NY
11581,0,NY
11590,0,NY
11596,0,NY
11598,0,NY
11691,1,NY
11692,1,NY
11693,0,NY
11694,0,NY
11697,0,NY
11701,0,NY
11702,0,NY
11703,0,NY
11704,0,NY
11705,0,NY
11706,0,NY
11709,0,NY
11710,0,NY
11713,0,NY
11714,0,NY
11715,0,NY
11716,0,NY
11717,1,NY
11718,0,NY
11719,1,NY
11720,0,NY
11721,0,NY
11722,0,NY
11724,0,NY
11725,0,NY
11726,0,NY
11727,0,NY
11729,0,NY
11730,0,NY
11731,0,NY
11732,0,NY
11733,0,NY
11735,0,NY
11738,0,NY
11739,0,NY
11740,0,NY
11741,0,NY
11742,0,NY
11743,0,NY
11746,0,NY
11747,0,NY
11749,0,NY
11751,0,NY
11752,0,NY
11753,0,NY
11754,0,NY
11755,0,NY
11756,0,NY
11757,0,NY
11758,0,NY
11762,0,NY
11763,0,NY
11764,0,NY
11765,0,NY
11766,0,NY
11767,0,NY
11768,0,NY
11769,0,NY
11770,0,NY
11771,0,NY
11772,0,NY
11776,0,NY
11777,0,NY
11778,0,NY
11779,0,NY
11780,0,NY
11782,0,NY
11783,0,NY
11784,0,NY
11786,0,NY
11787,0,NY
11788,0,NY
11789,0,NY
11790,0,NY
11791,0,NY
11792,0,NY
11793,0,NY
11794,1,NY
11795,0,NY
11796,0,NY
11797,0,NY
11798,0,NY
11801,0,NY
11803,0,NY
11804,0,NY
11901,0,NY
11930,0,NY
11931,0,NY
11932,0,NY
11933,0,NY
11934,0,NY
11935,0,NY
11937,0,NY
11939,0,NY
11940,0,NY
11941,0,NY
11942,0,NY
11944,0,NY
11946,0,NY
11947,0,NY
11948,0,NY
11949,0,NY
11950,0,NY
11951,1,NY
11952,0,NY
11953,0,NY
11954,0,NY
11955,0,NY
11956,0,NY
11957,0,NY
11958,0,NY
11959,0,NY
11960,0,NY
11961,0,NY
11962,0,NY
11963,0,NY
11964,0,NY
11965,0,NY
11967,0,NY
11968,0,NY
11970,0,NY
11971,0,NY
11972,0,NY
11973,0,NY
11975,0,NY
11976,0,NY
11977,0,NY
11978,0,NY
11980,0,NY
12007,0,NY
12008,0,NY
12009,0,NY
12010,0,NY
12015,0,NY
12017,0,NY
12018,0,NY
12019,0,NY
12020,0,NY
12022,0,NY
12023,0,NY
12024,0,NY
12025,0,NY
12027,0,NY
12028,0,NY
12029,0,NY
12031,0,NY
12032,0,NY
12033,0,NY
12035,0,NY
12036,1,NY
12037,0,NY
12040,0,NY
12041,0,NY
12042,0,NY
12043,0,NY
12045,0,NY
12046,0,NY
12047,0,NY
12051,0,NY
12052,0,NY
12053,0,NY
12054,0,NY
12056,0,NY
12057,0,NY
12058,0,NY
12059,0,NY
12060,0,NY
12061,0,NY
12062,0,NY
12063,0,NY
12064,1,NY
12065,0,NY
12066,0,NY
12067,0,NY
12068,0,NY
12069,0,NY
12070,0,NY
12071,1,NY
12072,1,NY
12074,0,NY
12075,0,NY
12076,1,NY
12077,0,NY
12078,1,NY
12083,0,NY
12084,0,NY
12085,0,NY
12086,0,NY
12087,0,NY
12089,0,NY
12090,0,NY
12092,0,NY
12093,1,NY
12094,0,NY
12095,0,NY
12106,0,NY
12108,0,NY
12110,0,NY
12115,0,NY
12116,0,NY
12117,0,NY
12118,0,NY
12120,0,NY
12121,0,NY
12122,0,NY
12123,0,NY
12124,0,NY
12125,0,NY
12130,0,NY
12131,1,NY
12132,0,NY
12134,0,NY
12136,0,NY
12137,0,NY
12138,0,NY
12139,0,NY
12140,0,NY
12143,0,NY
12144,0,NY
12147,0,NY
12148,0,NY
12149,1,NY
12150,0,NY
12151,0,NY
12153,0,NY
12154,0,NY
12155,0,NY
12156,0,NY
12157,0,NY
12158,0,NY
12159,0,NY
12160,0,NY
12161,0,NY
12164,0,NY
12165,0,NY
12166,0,NY
12167,1,NY
12168,0,NY
12169,0,NY
12170,0,NY
12172,0,NY
12173,0,NY
12174,0,NY
12175,1,NY
12176,0,NY
12177,0,NY
12180,0,NY
12182,0,NY
12183,0,NY
12184,0,NY
12185,0,NY
12186,0,NY
12187,0,NY
12188,0,NY
12189,0,NY
12190,1,NY
12192,0,NY
12193,0,NY
12194,1,NY
12195,0,NY
12196,0,NY
12197,0,NY
12198,0,NY
12202,1,NY
12203,0,NY
12204,0,NY
12205,0,NY
12206,1,NY
12207,1,NY
12208,0,NY
12209,0,NY
12210,1,NY
12211,0,NY
12222,0,NY
12302,0,NY
12303,0,NY
12304,0,NY
12305,1,NY
12306,0,NY
12307,1,NY
12308,0,NY
12309,0,NY
12401,0,NY
12404,0,NY
12405,0,NY
12406,1,NY
12407,0,NY
12409,0,NY
12410,1,NY
12411,0,NY
12412,0,NY
12413,0,NY
12414,0,NY
12416,0,NY
12417,0,NY
12418,0,NY
12419,0,NY
12420,1,NY
12421,0,NY
12422,0,NY
12423,0,NY
12424,0,NY
12427,0,NY
12428,1,NY
12429,0,NY
12430,0,NY
12431,0,NY
12432,0,NY
12433,0,NY
12434,0,NY
12435,1,NY
12436,0,NY
12438,1,NY
12439,0,NY
12440,0,NY
12441,1,NY
12442,0,NY
12443,0,NY
12444,0,NY
12446,0,NY
12448,0,NY
12449,0,NY
12450,0,NY
12451,0,NY
12452,0,NY
12453,0,NY
12454,0,NY
12455,0,NY
12456,0,NY
12457,0,NY
12458,1,NY
12459,0,NY
12460,0,NY
12461,0,NY
12463,0,NY
12464,1,NY
12465,1,NY
12466,0,NY
12468,0,NY
12469,0,NY
12470,0,NY
12471,0,NY
12472,0,NY
12473,0,NY
12474,0,NY
12475,0,NY
12477,0,NY
12480,0,NY
12481,0,NY
12482,0,NY
12483,0,NY
12484,0,NY
12485,0,NY
12486,0,NY
12487,0,NY
12489,1,NY
12490,0,NY
12491,0,NY
12492,0,NY
12493,0,NY
12494,0,NY
12495,0,NY
12496,0,NY
12498,0,NY
12501,0,NY
12502,0,NY
12503,0,NY
12504,1,NY
12507,1,NY
12508,0,NY
12512,0,NY
12513,0,NY
12514,0,NY
12515,0,NY
12516,0,NY
12517,1,NY
12518,0,NY
12520,0,NY
12521,0,NY
12522,0,NY
12523,0,NY
12524,0,NY
12525,0,NY
12526,0,NY
12527,0,NY
12528,0,NY
12529,0,NY
12530,0,NY
12531,0,NY
12533,0,NY
12534,0,NY
12538,0,NY
12540,0,NY
12542,0,NY
12543,0,NY
12545,0,NY
12546,0,NY
12547,0,NY
12548,0,NY
12549,0,NY
12550,0,NY
12553,0,NY
12561,0,NY
12563,0,NY
12564,0,NY
12565,0,NY
12566,0,NY
12567,0,NY
12569,0,NY
12570,0,NY
12571,0,NY
12572,0,NY
12574,0,NY
12575,0,NY
12577,0,NY
12578,0,NY
12580,0,NY
12581,0,NY
12582,0,NY
12583,0,NY
12585,0,NY
12586,0,NY
12589,0,NY
12590,0,NY
12592,0,NY
12594,0,NY
12601,0,NY
12603,0,NY
12604,1,NY
12701,1,NY
12719,0,NY
12720,0,NY
12721,0,NY
12722,0,NY
12723,0,NY
12724,0,NY
12725,0,NY
12726,0,NY
12729,0,NY
12732,0,NY
12733,1,NY
12734,1,NY
12736,0,NY
12737,0,NY
12738,0,NY
12740,0,NY
12741,0,NY
12742,1,NY
12743,0,NY
12745,0,NY
12746,0,NY
12747,1,NY
12748,0,NY
12749,1,NY
12750,0,NY
12751,1,NY
12752,0,NY
12754,1,NY
12758,0,NY
12759,1,NY
12760,0,NY
12762,0,NY
12763,1,NY
12764,0,NY
12765,0,NY
12766,0,NY
12767,0,NY
12768,0,NY
12769,0,NY
12770,0,NY
12771,0,NY
12775,0,NY
12776,0,NY
12777,0,NY
12778,0,NY
12779,1,NY
12780,0,NY
12781,0,NY
12783,1,NY
12784,0,NY
12785,0,NY
12786,0,NY
12787,1,NY
12788,1,NY
12789,1,NY
12790,0,NY
12791,0,NY
12792,0,NY
12801,0,NY
12803,0,NY
12804,0,NY
12808,0,NY
12809,0,NY
12810,0,NY
12811,0,NY
12812,0,NY
12814,0,NY
12815,0,NY
12816,0,NY
12817,0,NY
12819,1,NY
12821,1,NY
12822,0,NY
12823,0,NY
12824,0,NY
12827,0,NY
12828,0,NY
12831,0,NY
12832,1,NY
12833,0,NY
12834,0,NY
12835,0,NY
12836,0,NY
12837,1,NY
12838,0,NY
12839,1,NY
12841,1,NY
12842,0,NY
12843,0,NY
12844,0,NY
12845,0,NY
12846,0,NY
12847,0,NY
12849,1,NY
12850,0,NY
12851,0,NY
12852,0,NY
12853,0,NY
12855,0,NY
12856,0,NY
12857,0,NY
12858,0,NY
12859,0,NY
12860,0,NY
12861,1,NY
12862,0,NY
12863,1,NY
12864,0,NY
12865,0,NY
12866,0,NY
12870,0,NY
12871,0,NY
12872,0,NY
12873,0,NY
12874,0,NY
12878,0,NY
12883,0,NY
12884,0,NY
12885,0,NY
12886,0,NY
12887,1,NY
12901,0,NY
12903,0,NY
12910,0,NY
12911,1,NY
12912,0,NY
12913,0,NY
12914,1,NY
12916,1,NY
12917,0,NY
12918,0,NY
12919,1,NY
12920,1,NY
12921,0,NY
12922,0,NY
12923,1,NY
12924,1,NY
12926,1,NY
12927,0,NY
12928,0,NY
12929,1,NY
12930,1,NY
12932,0,NY
12933,1,NY
12934,1,NY
12935,1,NY
12936,0,NY
12937,1,NY
12939,0,NY
12941,0,NY
12942,0,NY
12943,0,NY
12944,0,NY
12945,0,NY
12946,0,NY
12950,0,NY
12952,1,NY
12953,1,NY
12955,1,NY
12956,1,NY
12957,1,NY
12958,1,NY
12959,1,NY
12960,1,NY
12961,1,NY
12962,0,NY
12964,0,NY
12965,1,NY
12966,1,NY
12967,0,NY
12969,0,NY
12970,0,NY
12972,0,NY
12973,0,NY
12974,1,NY
12975,0,NY
12976,0,NY
12977,0,NY
12978,0,NY
12979,1,NY
12980,1,NY
12981,0,NY
12983,0,NY
12985,0,NY
12986,0,NY
12987,0,NY
12989,0,NY
12992,0,NY
12993,0,NY
12996,0,NY
12997,0,NY
12998,1,NY
13020,0,NY
13021,0,NY
13024,1,NY
13026,0,NY
13027,0,NY
13028,1,NY
13029,0,NY
13030,0,NY
13031,0,NY
13033,0,NY
13034,0,NY
13035,0,NY
13036,1,NY
13037,0,NY
13039,0,NY
13040,1,NY
13041,0,NY
13042,0,NY
13044,1,NY
13045,0,NY
13051,0,NY
13052,0,NY
13053,0,NY
13054,0,NY
13057,0,NY
13060,0,NY
13061,0,NY
13062,0,NY
13063,0,NY
13064,0,NY
13066,0,NY
13068,0,NY
13069,1,NY
13071,0,NY
13072,1,NY
13073,0,NY
13074,1,NY
13076,0,NY
13077,0,NY
13078,0,NY
13080,0,NY
13081,0,NY
13082,0,NY
13083,1,NY
13084,0,NY
13087,0,NY
13088,0,NY
13090,0,NY
13092,0,NY
13101,0,NY
13102,0,NY
13103,0,NY
13104,0,NY
13108,0,NY
13110,0,NY
13111,0,NY
13112,0,NY
13113,0,NY
13114,1,NY
13115,0,NY
13116,0,NY
13117,0,NY
13118,0,NY
13120,0,NY
13122,0,NY
13123,0,NY
13124,1,NY
13126,1,NY
13131,1,NY
13132,1,NY
13135,0,NY
13136,1,NY
13138,0,NY
13140,0,NY
13141,0,NY
13142,1,NY
13143,1,NY
13144,1,NY
13145,0,NY
13146,1,NY
13147,0,NY
13148,0,NY
13152,0,NY
13153,0,NY
13155,1,NY
13156,1,NY
13157,0,NY
13158,0,NY
13159,0,NY
13160,0,NY
13164,0,NY
13165,0,NY
13166,0,NY
13167,1,NY
13202,1,NY
13203,1,NY
13204,1,NY
13205,1,NY
13206,1,NY
13207,0,NY
13208,1,NY
13209,0,NY
13210,1,NY
13211,1,NY
13212,0,NY
13214,0,NY
13215,0,NY
13219,0,NY
13224,0,NY
13290,0,NY
13301,0,NY
13302,1,NY
13303,0,NY
13304,0,NY
13305,1,NY
13308,0,NY
13309,0,NY
13310,0,NY
13312,1,NY
13313,0,NY
13314,0,NY
13315,0,NY
13316,1,NY
13317,1,NY
13318,0,NY
13319,0,NY
13320,0,NY
13321,0,NY
13322,0,NY
13323,0,NY
13324,0,NY
13325,0,NY
13326,0,NY
13327,1,NY
13328,0,NY
13329,1,NY
13331,0,NY
13332,0,NY
13333,0,NY
13334,0,NY
13335,0,NY
13337,0,NY
13338,0,NY
13339,1,NY
13340,0,NY
13341,0,NY
13342,0,NY
13343,0,NY
13345,1,NY
13346,0,NY
13348,0,NY
13350,0,NY
13352,0,NY
13353,0,NY
13354,0,NY
13355,0,NY
13357,0,NY
13360,1,NY
13361,0,NY
13362,0,NY
13363,0,NY
13364,0,NY
13365,0,NY
13367,0,NY
13368,1,NY
13402,0,NY
13403,0,NY
13404,1,NY
13406,0,NY
13407,1,NY
13408,1,NY
13409,1,NY
13410,0,NY
13411,0,NY
13413,0,NY
13415,0,NY
13416,0,NY
13417,0,NY
13418,0,NY
13420,0,NY
13424,0,NY
13425,0,NY
13428,0,NY
13431,0,NY
13433,0,NY
13435,0,NY
13436,0,NY
13437,1,NY
13438,0,NY
13439,0,NY
13440,0,NY
13441,1,NY
13450,0,NY
13452,1,NY
13454,1,NY
13456,0,NY
13459,1,NY
13460,0,NY
13464,1,NY
13468,0,NY
13469,0,NY
13470,1,NY
13471,0,NY
13472,0,NY
13473,1,NY
13475,0,NY
13476,0,NY
13477,0,NY
13478,0,NY
13480,0,NY
13483,1,NY
13484,1,NY
13485,0,NY
13486,0,NY
13488,0,NY
13489,0,NY
13490,0,NY
13491,0,NY
13492,0,NY
13493,1,NY
13494,0,NY
13495,0,NY
13501,1,NY
13502,0,NY
13601,0,NY
13602,1,NY
13603,1,NY
13605,0,NY
13606,0,NY
13607,0,NY
13608,1,NY
13612,0,NY
13613,1,NY
13614,1,NY
13615,0,NY
13616,0,NY
13617,1,NY
13618,0,NY
13619,0,NY
13620,1,NY
13621,0,NY
13622,0,NY
13623,1,NY
13624,0,NY
13625,0,NY
13626,0,NY
13628,1,NY
13630,1,NY
13633,1,NY
13634,0,NY
13635,1,NY
13636,0,NY
13637,0,NY
13638,0,NY
13639,1,NY
13640,0,NY
13641,0,NY
13642,1,NY
13643,1,NY
13646,1,NY
13647,0,NY
13648,1,NY
13650,0,NY
13651,0,NY
13652,1,NY
13654,1,NY
13655,1,NY
13656,0,NY
13658,0,NY
13659,0,NY
13660,0,NY
13661,0,NY
13662,1,NY
13664,1,NY
13665,1,NY
13666,0,NY
13667,0,NY
13668,0,NY
13669,1,NY
13670,0,NY
13672,1,NY
13673,0,NY
13674,0,NY
13675,0,NY
13676,1,NY
13677,0,NY
13678,1,NY
13679,1,NY
13680,1,NY
13681,1,NY
13682,0,NY
13684,1,NY
13685,0,NY
13687,0,NY
13690,0,NY
13691,0,NY
13692,0,NY
13693,0,NY
13694,0,NY
13695,0,NY
13696,0,NY
13697,0,NY
13730,1,NY
13731,1,NY
13732,0,NY
13733,0,NY
13734,1,NY
13736,0,NY
13739,1,NY
13740,0,NY
13743,1,NY
13744,0,NY
13746,0,NY
13748,0,NY
13750,1,NY
13751,1,NY
13752,0,NY
13753,0,NY
13754,0,NY
13755,0,NY
13756,1,NY
13757,1,NY
13760,0,NY
13774,1,NY
13775,1,NY
13776,1,NY
13777,0,NY
13778,0,NY
13780,0,NY
13782,0,NY
13783,1,NY
13784,0,NY
13786,1,NY
13787,1,NY
13788,1,NY
13790,0,NY
13794,0,NY
13795,0,NY
13796,0,NY
13797,0,NY
13801,1,NY
13802,0,NY
13803,0,NY
13804,0,NY
13806,0,NY
13807,0,NY
13808,0,NY
13809,0,NY
13810,0,NY
13811,0,NY
13812,1,NY
13813,1,NY
13815,1,NY
13820,0,NY
13825,1,NY
13826,0,NY
13827,0,NY
13830,0,NY
13832,0,NY
13833,1,NY
13834,0,NY
13835,0,NY
13838,1,NY
13839,0,NY
13841,1,NY
13842,1,NY
13843,1,NY
13844,0,NY
13845,1,NY
13846,0,NY
13847,0,NY
13849,1,NY
13850,0,NY
13856,1,NY
13859,1,NY
13860,1,NY
13861,0,NY
13862,0,NY
13863,1,NY
13864,0,NY
13865,0,NY
13901,0,NY
13902,1,NY
13903,0,NY
13904,1,NY
13905,0,NY
14001,0,NY
14004,0,NY
14005,0,NY
14006,0,NY
14008,0,NY
14009,1,NY
14011,0,NY
14012,0,NY
14013,0,NY
14020,0,NY
14024,1,NY
14025,0,NY
14026,0,NY
14028,0,NY
14030,0,NY
14031,0,NY
14032,0,NY
14033,0,NY
14034,1,NY
14035,0,NY
14036,0,NY
14037,0,NY
14039,0,NY
14040,0,NY
14041,1,NY
14042,0,NY
14043,0,NY
14047,0,NY
14048,1,NY
14051,0,NY
14052,0,NY
14054,0,NY
14055,0,NY
14057,0,NY
14058,0,NY
14059,0,NY
14060,1,NY
14061,1,NY
14062,1,NY
14063,1,NY
14065,1,NY
14066,1,NY
14067,0,NY
14068,0,NY
14069,0,NY
14070,1,NY
14072,0,NY
14075,0,NY
14080,0,NY
14081,1,NY
14082,0,NY
14085,0,NY
14086,0,NY
14091,0,NY
14092,0,NY
14094,0,NY
14098,0,NY
14101,0,NY
14102,0,NY
14103,1,NY
14105,0,NY
14108,0,NY
14109,0,NY
14111,0,NY
14112,0,NY
14113,0,NY
14120,0,NY
14125,0,NY
14126,0,NY
14127,0,NY
14129,1,NY
14130,1,NY
14131,0,NY
14132,0,NY
14134,0,NY
14135,0,NY
14136,0,NY
14138,1,NY
14139,0,NY
14141,0,NY
14143,0,NY
14145,0,NY
14150,0,NY
14167,0,NY
14168,1,NY
14169,0,NY
14170,0,NY
14171,0,NY
14172,0,NY
14173,1,NY
14174,0,NY
14201,1,NY
14202,0,NY
14203,1,NY
14204,1,NY
14206,1,NY
14207,1,NY
14208,1,NY
14209,0,NY
14210,1,NY
14211,1,NY
14212,1,NY
14213,1,NY
14214,1,NY
14215,1,NY
14216,0,NY
14217,0,NY
14218,0,NY
14219,0,NY
14220,0,NY
14221,0,NY
14222,0,NY
14223,0,NY
14224,0,NY
14225,0,NY
14226,0,NY
14227,0,NY
14228,0,NY
14261,1,NY
14301,1,NY
14302,1,NY
14303,1,NY
14304,0,NY
14305,1,NY
14411,0,NY
14414,0,NY
14415,1,NY
14416,0,NY
14418,0,NY
14420,0,NY
14422,0,NY
14423,0,NY
14424,0,NY
14425,0,NY
14427,0,NY
14428,0,NY
14432,0,NY
14433,1,NY
14435,0,NY
14437,0,NY
14441,0,NY
14445,0,NY
14450,0,NY
14454,0,NY
14456,0,NY
14462,0,NY
14464,0,NY
14466,0,NY
14467,0,NY
14468,0,NY
14469,0,NY
14470,0,NY
14471,0,NY
14472,0,NY
14475,0,NY
14476,0,NY
14477,1,NY
14478,0,NY
14479,0,NY
14480,0,NY
14481,0,NY
14482,0,NY
14485,0,NY
14486,1,NY
14487,0,NY
14489,1,NY
14502,0,NY
14504,0,NY
14505,0,NY
14506,0,NY
14507,0,NY
14510,0,NY
14511,0,NY
14512,0,NY
14513,0,NY
14514,0,NY
14516,1,NY
14517,0,NY
14519,0,NY
14521,1,NY
14522,0,NY
14525,0,NY
14526,0,NY
14527,0,NY
14529,0,NY
14530,0,NY
14532,0,NY
14533,1,NY
14534,0,NY
14536,1,NY
14537,0,NY
14539,1,NY
14541,0,NY
14542,1,NY
14543,0,NY
14544,0,NY
14545,0,NY
14546,0,NY
14548,0,NY
14549,0,NY
14550,0,NY
14551,1,NY
14555,0,NY
14559,0,NY
14560,0,NY
14561,0,NY
14564,0,NY
14568,0,NY
14569,0,NY
14571,0,NY
14572,0,NY
14580,0,NY
14585,0,NY
14586,0,NY
14588,1,NY
14589,1,NY
14590,1,NY
14591,0,NY
14592,1,NY
14604,1,NY
14605,1,NY
14606,1,NY
14607,0,NY
14608,1,NY
14609,0,NY
14610,0,NY
14611,1,NY
14612,0,NY
14613,1,NY
14614,1,NY
14615,1,NY
14616,0,NY
14617,0,NY
14618,0,NY
14619,1,NY
14620,0,NY
14621,1,NY
14622,0,NY
14623,0,NY
14624,0,NY
14625,0,NY
14626,0,NY
14701,1,NY
14706,1,NY
14707,1,NY
14708,1,NY
14709,1,NY
14710,0,NY
14711,1,NY
14712,0,NY
14714,1,NY
14715,1,NY
14716,1,NY
14717,1,NY
14718,1,NY
14719,1,NY
14720,0,NY
14721,1,NY
14722,0,NY
14723,1,NY
14724,1,NY
14726,1,NY
14727,1,NY
14728,1,NY
14729,0,NY
14731,0,NY
14732,0,NY
14733,0,NY
14735,1,NY
14736,0,NY
14737,1,NY
14738,0,NY
14739,1,NY
14740,0,NY
14741,0,NY
14742,0,NY
14743,1,NY
14744,1,NY
14747,1,NY
14748,1,NY
14750,0,NY
14752,0,NY
14753,1,NY
14754,1,NY
14755,0,NY
14756,0,NY
14757,1,NY
14760,0,NY
14767,1,NY
14769,1,NY
14770,1,NY
14772,1,NY
14774,1,NY
14775,1,NY
14777,1,NY
14778,1,NY
14779,1,NY
14781,1,NY
14782,0,NY
14783,1,NY
14784,1,NY
14787,1,NY
14788,0,NY
14801,0,NY
14802,1,NY
14803,1,NY
14804,0,NY
14805,0,NY
14806,1,NY
14807,1,NY
14808,1,NY
14809,1,NY
14810,1,NY
14812,0,NY
14813,1,NY
14814,0,NY
14815,1,NY
14816,0,NY
14817,0,NY
14818,0,NY
14819,1,NY
14820,1,NY
14821,1,NY
14822,0,NY
14823,1,NY
14824,0,NY
14825,0,NY
14826,1,NY
14827,0,NY
14830,0,NY
14836,1,NY
14837,1,NY
14838,0,NY
14839,1,NY
14840,0,NY
14841,0,NY
14842,0,NY
14843,1,NY
14845,0,NY
14846,1,NY
14847,0,NY
14850,0,NY
14853,1,NY
14854,0,NY
14855,1,NY
14856,1,NY
14858,0,NY
14859,0,NY
14860,0,NY
14861,0,NY
14864,0,NY
14865,0,NY
14867,0,NY
14869,0,NY
14870,0,NY
14871,0,NY
14872,0,NY
14873,1,NY
14874,0,NY
14877,1,NY
14878,1,NY
14879,0,NY
14880,1,NY
14881,0,NY
14882,0,NY
14883,0,NY
14884,0,NY
14885,1,NY
14886,0,NY
14889,1,NY
14891,1,NY
14892,1,NY
14893,0,NY
14894,0,NY
14895,1,NY
14897,0,NY
14898,1,NY
14901,0,NY
14903,0,NY
14904,0,NY
14905,0,NY
