date,Town,Count,fullvax.total,vaccine_prev,cumulative_incidence,population,SVI_SES,SVI_ages_disability,SVI_minority,SVI_house,SVI_overall
2021-04-01,Abington,1560,2999,16.45610638947397,8.560028665414936,18224.238036758736,0.42780821175687883,0.37585349047189087,0.47559806586513326,0.22948146652093335,0.34334214228009313
2021-04-01,Acton,833,4137,17.435259137661095,3.5106528551297296,23727.78039796299,0.14587228169570804,0.24382147962712866,0.6526991995783786,0.4909361079086927,0.33909172238874796
2021-04-01,Acushnet,1218,1990,19.044371489261813,11.65630375573914,10449.281569213577,0.6490189376443417,0.6724595987297922,0.45451990473441106,0.6054047416281756,0.662546470842956
2021-04-01,Adams,276,1842,22.388508131033735,3.354629882825902,8227.435205683578,0.676132616361072,0.6673823871650211,0.12537150035260933,0.3887453455571227,0.5196306241184767
2021-04-01,Agawam,2380,5089,17.85854367290318,8.352001167520056,28496.16459891718,0.4718281989624385,0.590416614343286,0.3138469396388573,0.35542334290739874,0.4227385500857213
2021-04-01,Amesbury,996,3115,18.76729161047175,6.000713465178127,16598.02631436651,0.37007689607549776,0.6695881401772356,0.14727651053055585,0.49642898492346643,0.41872763839337096
2021-04-01,Amherst,2521,4497,10.838029646823216,6.075755556958267,41492.78186665725,0.7371192930377893,0.1999688409335026,0.4024739068450346,0.6257038902450932,0.5353010584903818
2021-04-01,Andover,2478,7331,20.32772260774896,6.8711085284411295,36064.04977803766,0.12100089303266029,0.3389176893481985,0.44498331882389286,0.32540831250526553,0.22199195708949984
2021-04-01,Arlington,1733,9024,19.691386771798697,3.781601648440508,45827.14312901441,0.19773934534302132,0.3605394427963369,0.5508986112902532,0.547208021267753,0.3927953494704559
2021-04-01,Ashburnham,369,998,15.875243400869966,5.869704223367753,6286.517786211136,0.5219787947773686,0.5793443321057918,0.0911174891195179,0.7061788617341813,0.5204444526280549
2021-04-01,Ashby,152,455,13.044628379719395,4.357765964213952,3488.025773945333,0.5058,0.1696,0.1135,0.1962,0.17980000000000002
2021-04-01,Ashfield,28,302,17.813204130362962,1.6515553498349764,1695.371578239734,0.1597,0.5294,0.0519,0.32849999999999996,0.186
2021-04-01,Ashland,1411,3710,18.83205636679422,7.162272650551656,19700.45080441501,0.1320693218024579,0.2484170573509331,0.5796625682749202,0.16186412152935822,0.17364379267182523
2021-04-01,Athol,694,2115,15.444030242019892,5.067686519130877,13694.611878222946,0.7489480561997,0.7546315032055654,0.18520049106533898,0.5693407720638385,0.6275264220433775
2021-04-01,Attleboro,3850,6710,14.424698946800765,8.276466608820112,46517.43530140157,0.5322648656013391,0.6006957471241996,0.3976765829067481,0.469535560659439,0.5106474278373591
2021-04-01,Auburn,1497,3575,21.68753112024145,9.081464080280126,16484.12620219078,0.3598584981662959,0.37490588588949675,0.18777683520711838,0.43533880839295375,0.31426935609932066
2021-04-01,Avon,466,791,18.075078931879887,10.648529433951994,4376.191124703058,0.5915,0.2585,0.6042,0.4451,0.536
2021-04-01,Ayer,791,1330,16.423357836908828,9.767575976687882,8098.2221370774805,0.2968,0.2907,0.2365,0.7497,0.407
2021-04-01,Barnstable,3781,11251,25.12925313889804,8.444912107205893,44772.52044782965,0.3941237899801868,0.5079804601259552,0.2282695761392584,0.3058591565242004,0.3018825298966884
2021-04-01,Barre,288,957,17.21183143348685,5.179736105375353,5560.128820098063,0.5147,0.3885,0.0328,0.7325,0.4612
2021-04-01,Becket,61,422,18.834698203529097,2.7225511621215044,2240.545590058507,0.5072,0.4945,0.1415,0.1447,0.2533
2021-04-01,Bedford,786,2831,18.880004155750196,5.241852089869181,14994.70008928878,0.20637953305033355,0.5254712431776835,0.4968172468162523,0.4615547422680413,0.3928912431776834
2021-04-01,Belchertown,798,2933,18.26918251940062,4.970612905039786,16054.358189729372,0.3436973742232912,0.37513937996926566,0.23336176922562973,0.36062455401884147,0.29143101489944545
2021-04-01,Bellingham,1059,2355,13.07089807152903,5.877741425795857,18017.12466207391,0.34498302773859896,0.2099654442877292,0.22681937000470145,0.16259304184297135,0.14919670897978374
2021-04-01,Belmont,1056,5511,20.106833877440184,3.8528064914855444,27408.59169370931,0.21595174903044964,0.44970484967169677,0.5828252966248129,0.27654846215873746,0.29743628230234614
2021-04-01,Berkley,644,1042,15.289648292616778,9.449648272980044,6815.0684702353265,0.11169999999999998,0.1471,0.0499,0.34359999999999996,0.0851
2021-04-01,Berlin,184,601,18.622894287675166,5.70151838424664,3227.210500774567,0.1953,0.3817,0.18729999999999997,0.3011,0.1908
2021-04-01,Bernardston,44,466,22.48443346951039,2.1229937181511955,2072.544992658636,0.4126,0.71,0.0854,0.7106,0.5024
2021-04-01,Beverly,3296,9069,22.08131887802073,8.025143568415077,41070.9163256869,0.37422065131437066,0.32426451319163213,0.25113591574608807,0.5198263640938391,0.36422173204572145
2021-04-01,Billerica,3472,7058,16.161163627723422,7.950065190628466,43672.59785608792,0.36084046245043777,0.331481639382876,0.36041724963687044,0.38829077847132254,0.32413292636647956
2021-04-01,Blackstone,573,1105,12.242455299985808,6.348350123884043,9025.967201213967,0.44769842093878437,0.2754286394116374,0.14042647631408176,0.31241431970581873,0.26102749296993294
2021-04-01,Blandford,54,173,14.309641423967198,4.466593276845252,1208.9750880147321,0.5284,0.3789,0.0807,0.3052,0.3157
2021-04-01,Bolton,197,960,18.990185053991375,3.896944224621147,5055.242996688051,0.0178,0.1614,0.1866,0.0645,0.011
2021-04-01,Bourne,1128,4834,22.991096704153545,5.36490630580993,21025.530283323522,0.3397455951438903,0.5471565744793806,0.2428522131960374,0.3591028207105867,0.32920538899962937
2021-04-01,Boxborough,180,882,17.38576717743906,3.548115750497767,5073.115215442103,0.3345,0.1368,0.5332,0.2695,0.2485
2021-04-01,Boxford,497,1806,23.637245021687832,6.504823242402465,7640.484321852841,0.0973,0.3721,0.1552,0.0165,0.0199
2021-04-01,Boylston,278,1067,23.767154737295005,6.192379584787265,4489.388872138246,0.1453,0.5048,0.0745,0.1488,0.1084
2021-04-01,Braintree,3819,8199,20.674601886768663,9.629992024096783,39657.35371788319,0.36159432096110944,0.5010614104872739,0.5388770312038057,0.5149507834547262,0.49260792861558306
2021-04-01,Brewster,445,2801,28.21749054647509,4.4829644031351,9926.467399312725,0.24902410161090457,0.33215715613382896,0.07980938661710038,0.6069939281288724,0.3036714064436183
2021-04-01,Bridgewater,2627,5337,18.65077985568093,9.180363252927451,28615.42542080018,0.5266954047545058,0.3492485122747048,0.3177407745494096,0.40670049331883157,0.38398384866376634
2021-04-01,Brimfield,183,637,17.090413320204057,4.909804768598654,3727.235778709618,0.5113,0.6983999999999999,0.1244,0.4458,0.464
2021-04-01,Brockton,12672,12330,12.426133179765042,12.77079964752495,99226.36287271098,0.8017514271668663,0.7653738050613984,0.8521708063211151,0.636755610860192,0.8228599020903105
2021-04-01,Brookfield,191,551,14.938863109010086,5.178444380800229,3688.3663500984558,0.5209,0.5848,0.2037,0.3964,0.4426999999999999
2021-04-01,Brookline,2077,12850,19.85249497674088,3.2088429623883896,64727.38068970686,0.21309575711478737,0.22691411548456614,0.5819907181339924,0.7861697103378336,0.4427995816695189
2021-04-01,Buckland,37,0,0,2.012964181759999,1838.085363627768,0.6915999999999999,0.7982,0.0841,0.5885,0.6307
2021-04-01,Burlington,1792,5516,19.828306015995974,6.441683172709352,27818.81616891584,0.25437577146236007,0.45628339923870065,0.5468525924830925,0.41947894600687385,0.392104416275546
2021-04-01,Cambridge,5080,18755,16.747176924535957,4.53615882573408,111989.02408753097,0.41906871150801794,0.11430729368823533,0.5568681350815464,0.7513826751237266,0.44386702062197264
2021-04-01,Canton,1855,5533,23.877039528736265,8.00504397719244,23172.88955919756,0.22909119045560647,0.516946325754301,0.4717590386444195,0.5173958070372611,0.4131867727154837
2021-04-01,Carlisle,166,1119,23.692558470917653,3.5147137678036913,4723.001955966722,0.1213,0.1984,0.3602,0.024,0.0288
2021-04-01,Carver,673,1978,16.14915512885556,5.494631648998885,12248.318777158061,0.5535696166709545,0.5606952319698139,0.22082302546951377,0.36989541205728493,0.4290752937140897
2021-04-01,Charlemont,15,258,17.68957963088152,1.0284639320279956,1458.485760450731,0.6759492591254066,0.8093402843030959,0.07073165883628477,0.6242575954704253,0.6340692567160584
2021-04-01,Charlton,890,2677,18.900467102577892,6.283681629172328,14163.67111707454,0.43973224299065417,0.4863036715620828,0.15139759679572765,0.26290754339118827,0.2750642857142857
2021-04-01,Chatham,299,2086,35.78330323807335,5.129054490979833,5829.534479031832,0.2799883671811535,0.4432565556458164,0.15342950446791226,0.22702281072298944,0.20552719740048742
2021-04-01,Chelmsford,2646,7225,20.084373448376944,7.355467424831196,35973.24068171948,0.19307283372365341,0.46218946377266473,0.2693717062217823,0.32413869238755155,0.2336574639658128
2021-04-01,Chelsea,8288,5728,15.515325187294762,22.449548734689067,36918.336746757734,0.8140808491418248,0.7110294138311753,0.963483373481883,0.837568071865904,0.8885439250225836
2021-04-01,Cheshire,104,808,27.519317318026616,3.542090347864812,2936.11934722929,0.6169,0.5705,0.055400000000000005,0.1612,0.3198
2021-04-01,Chester,62,105,7.733503244620423,4.566449534918726,1357.728789640582,0.4826466134682756,0.45472689762553525,0.06057953483845855,0.3541383612300506,0.3243361813935383
2021-04-01,Chesterfield,30,132,10.787454632893905,2.451694234748615,1223.6436165163173,0.6662,0.3523,0.0062,0.0624,0.208
2021-04-01,Chicopee,5146,7986,14.082099926840042,9.07419061151,56710.29208349057,0.7401367356734423,0.7622162642430819,0.576308642889937,0.45851133081514256,0.6913100400684502
2021-04-01,Chilmark,17,452,44.33897827579647,1.6676164395764161,1019.4190700301621,0.1241,0.3865,0.1634,0.2846,0.15310000000000001
2021-04-01,Clinton,1473,2106,14.957797700734352,10.461935428861207,14079.612802201531,0.45944845672350526,0.44187406288222175,0.4961264191668466,0.5294514425498238,0.4861303115332039
2021-04-01,Cohasset,391,1609,21.876444942366945,5.316152872880966,7354.942744302734,0.1878,0.5616,0.0096,0.3313,0.1833
2021-04-01,Colrain,40,276,17.44160513796161,2.527768860574146,1582.42316470797,0.6628,0.8187,0.0595,0.6543,0.6369
2021-04-01,Concord,1034,4789,25.567297665478748,5.520272663626024,18730.95883131271,0.19098926534206195,0.45606246315225296,0.5383177787986677,0.5720443244898741,0.4159401707438459
2021-04-01,Conway,27,393,20.34555385045549,1.3977861423977056,1931.62596058402,0.1597,0.5294,0.0519,0.32849999999999996,0.186
2021-04-01,Cummington,25,167,21.299076231330908,3.1884844657681,784.0715634152399,0.379,0.6265,0.015,0.465,0.34389999999999993
2021-04-01,Dalton,252,1677,25.935613120091396,3.8973014348616766,6466.012552835652,0.4212406789638932,0.6004591640502355,0.15026658163265305,0.3501857927786499,0.3522169740973312
2021-04-01,Danvers,2805,7479,26.08934809131797,9.784813664413278,28666.87191194657,0.34944018674676997,0.6229498136151425,0.2032244725127574,0.6119685244833701,0.454587333067931
2021-04-01,Dartmouth,3483,7492,20.191689882884152,9.387033617470035,37104.37335089387,0.6108826059927888,0.5687425143425516,0.3864305696168807,0.40220839594323365,0.5015555016784782
2021-04-01,Dedham,2264,6012,21.94840806477955,8.265335305831819,27391.50822353906,0.28445486464121056,0.36530176931867436,0.4559800843283288,0.542666958269299,0.41123478740591873
2021-04-01,Deerfield,176,1452,27.355528732964352,3.3158216646017395,5307.884977014866,0.4221959694415174,0.4461895943097998,0.30336867755532143,0.3812776080084299,0.3496264488935722
2021-04-01,Dennis,683,4074,31.12843407754803,5.218635364498111,13087.712635498261,0.5355749778444338,0.6810368225509579,0.23929197627650148,0.3522999761401595,0.46373121548844504
2021-04-01,Dighton,665,1254,15.818830302911008,8.388773645483111,7927.26121961898,0.3566520819501091,0.3029838471023428,0.20821375320117613,0.37362895760220055,0.2572654367826994
2021-04-01,Douglas,463,1198,12.629169467132755,4.880889368349304,9485.976121531816,0.32060184506280426,0.23271791574012862,0.12606083899272796,0.3164007812969529,0.1872475329046217
2021-04-01,Dover,230,1257,24.48468922148284,4.480094288735921,5133.820521998334,0.0014,0.4446,0.3206,0.05280000000000001,0.0309
2021-04-01,Dracut,3350,5636,17.3872672349312,10.334873179031142,32414.52451295634,0.535215793513721,0.48015453207957526,0.39980851084244867,0.24814923878973966,0.41074265016311645
2021-04-01,Dudley,919,1695,13.592960651000883,7.369870701044136,12469.68959536562,0.6319807053586715,0.45808157849683273,0.25328279404211607,0.4192543913713405,0.4950816812189694
2021-04-01,Dunstable,153,530,15.914667562438655,4.594234220854933,3330.261206654991,0.0946,0.1854,0.10249999999999998,0.0041,0.0021
2021-04-01,Duxbury,892,3778,24.98613687880357,5.899320830040441,15120.38462898593,0.14031599057504937,0.5699159459975801,0.031990530471884354,0.18691425842195758,0.11135474113226772
2021-04-01,East Bridgewater,1134,2483,16.68843114882877,7.621699928623369,14878.57053701697,0.48246755178645906,0.6439262060336438,0.24695041012095093,0.2915065688864173,0.3966290351730849
2021-04-01,East Brookfield,161,375,16.709304000831775,7.17386118435711,2244.2586476452448,0.4825,0.4419,0.1668,0.2826,0.3253
2021-04-01,East Longmeadow,1440,3862,22.710380400871685,8.467878761588613,17005.43950312592,0.3271618703703704,0.8145873086419754,0.35294861728395055,0.33419961111111113,0.44385202469135804
2021-04-01,Eastham,154,1590,34.54557875919592,3.3459239804504226,4602.61502950431,0.4302356631923156,0.49432033517269564,0.1649279991825056,0.0621411812793787,0.17628726752503576
2021-04-01,Easthampton,877,3706,20.69767628627003,4.8979660288879705,17905.39164272467,0.45365714365755266,0.5786526333482743,0.2669185398924249,0.3284099394890184,0.39007504482294936
2021-04-01,Easton,1916,4706,19.822192294394384,8.070403832566859,23741.06723468137,0.27831804800261684,0.3734940548718158,0.2668281800711453,0.462202334709899,0.29017073639448826
2021-04-01,Edgartown,295,1145,28.02132167524365,7.219467156503822,4086.1741400713,0.2844,0.1689,0.5195,0.2051,0.2086
2021-04-01,Egremont,15,159,13.196059817578618,1.2449113035451527,1204.905117118326,0.4557519111783308,0.6151214423209129,0.2941997112608277,0.538888072322288,0.45612348411934556
2021-04-01,Erving,67,417,19.73789393270207,3.171316291345417,2112.6874094155883,0.6943,0.5814,0.1552,0.5453,0.5841
2021-04-01,Essex,165,739,19.82340884603083,4.426065574553569,3727.915848075581,0.2193,0.6129,0.1196,0.0357,0.081
2021-04-01,Everett,8055,6440,13.264153476105148,16.590490100935867,48551.911070702,0.7616544733838755,0.5427897040841282,0.8723923432787153,0.689934280997799,0.7946761799951089
2021-04-01,Fairhaven,1852,3526,22.01996368310633,11.565789206214667,16012.74212230032,0.6101067515287658,0.7047079745413702,0.2889839885186572,0.4151465368775739,0.518450742543367
2021-04-01,Fall River,13052,12052,13.493493719643245,14.613099902819751,89317.12016477407,0.857627659348904,0.8151758334420668,0.6703842877413884,0.4772676237930585,0.7909471106798017
2021-04-01,Falmouth,1353,8444,27.072486820348818,4.337881888670292,31190.33746708904,0.3298955713832376,0.5037541835619337,0.20025090441098695,0.2827942403300307,0.2708718962659991
2021-04-01,Fitchburg,4352,4782,11.352398217398685,10.331584492287552,42123.25808542469,0.7811281100451843,0.6815492932980168,0.6254985799185344,0.6618297193224564,0.7675924232644067
2021-04-01,Florida,11,0,0,1.4032170837182931,783.9129189370913,0.7498,0.8755,0.11620000000000001,0.48829999999999996,0.6706
2021-04-01,Foxborough,1222,3504,19.242744030048488,6.710797147465541,18209.4611585974,0.38854105503279157,0.5983282919874537,0.18380852010265186,0.3536102309666382,0.3414833076703735
2021-04-01,Framingham,7600,13666,18.36883076129468,10.215360294587997,74397.76748771562,0.4535466182355909,0.43174367012099946,0.6429265576771862,0.6137971199549332,0.5431750443038718
2021-04-01,Franklin,1742,5589,16.476977945222924,5.135604863227471,33920.0551131428,0.22967507419296226,0.292869992732118,0.255281206468415,0.20341818181818183,0.1620663315365514
2021-04-01,Freetown,905,1768,19.537692259819167,10.000911479149517,9049.175186549714,0.48879486421837626,0.34318249613057544,0.12915355283523286,0.20065467848599974,0.23614045307443365
2021-04-01,Gardner,2164,4404,22.15999146951649,10.888787815629811,19873.65385974172,0.6087291226563618,0.59070311721769,0.24158312294260773,0.6646182796622297,0.5772364076141405
2021-04-01,Georgetown,516,1752,19.49748186733701,5.742409043119804,8985.775762843627,0.09150506416926812,0.3237529887848306,0.1261191929702856,0.2829947508382472,0.09968745519713261
2021-04-01,Gill,38,248,14.835743077859377,2.273218697413937,1671.638546842397,0.4126,0.71,0.0854,0.7106,0.5024
2021-04-01,Gloucester,1812,6815,23.991076195743325,6.3788452042093775,28406.39554639557,0.5188062198409266,0.45486013178475154,0.26703404106625844,0.3120140969749409,0.3608929248893474
2021-04-01,Goshen,26,114,9.856968916792736,2.2480806301457115,1156.5421476148204,0.4332,0.3755,0.0444,0.3827,0.2876
2021-04-01,Gosnold,5,0,0,11.192955443307545,44.67095420262379,0.1241,0.3865,0.1634,0.2846,0.15310000000000001
2021-04-01,Grafton,1082,3331,16.55163318543864,5.376423628533356,20124.90225393866,0.3141106388290026,0.3601293566322479,0.5552850675138999,0.5364171269715193,0.45239594689662993
2021-04-01,Granby,344,1101,18.012531127153554,5.627893467521183,6112.411366441794,0.2947,0.301,0.2112,0.06040000000000001,0.09879999999999999
2021-04-01,Granville,72,195,9.927980496963777,3.6657158758020096,1964.145679573362,0.5284,0.3789,0.0807,0.3052,0.3157
2021-04-01,Great Barrington,414,2627,36.5757287106487,5.76412321515362,7182.358609399825,0.4955285859862226,0.6300799086944116,0.3563772225166103,0.6252635348306363,0.5313805282680472
2021-04-01,Greenfield,730,3388,19.07643540558863,4.110329942762603,17760.13142899565,0.57049095742243,0.778866758329896,0.2882182318163069,0.5993790091204914,0.5964984371419405
2021-04-01,Groton,465,1918,16.407393932250212,3.9778092692890237,11689.851587155461,0.17306393239536325,0.2806715954340324,0.1940279267321476,0.21234130607910806,0.13722993540394657
2021-04-01,Groveland,443,1494,21.82261875740891,6.470830059927809,6846.107777476423,0.16719999999999996,0.3769,0.1265,0.0844,0.07690000000000001
2021-04-01,Hadley,290,1138,19.607975248657404,4.996759949130621,5803.76089610742,0.2221,0.5479,0.3295,0.8181999999999999,0.4928
2021-04-01,Halifax,479,1335,17.463923910657215,6.266082062325697,7644.330144987217,0.414,0.1717,0.0314,0.3841,0.2052
2021-04-01,Hamilton,377,1881,25.50461136678802,5.111769529653952,7375.13688387124,0.22857890274314216,0.38239907730673317,0.1345198753117207,0.5817465710723192,0.2823136159600998
2021-04-01,Hampden,412,1124,22.95027953621024,8.412380043521903,4897.54383264303,0.525,0.7497,0.0396,0.1379,0.2979
2021-04-01,Hanover,1245,3228,22.448701583296597,8.658188807684096,14379.45080263287,0.15738032228936585,0.5440870320205599,0.0885585121900396,0.2000083211780232,0.13900828644856567
2021-04-01,Hanson,824,1977,18.366538962325315,7.655047094059716,10764.140179352005,0.283950220067615,0.2850934107290936,0.08650044013522995,0.10012134974803853,0.07980015309051477
2021-04-01,Hardwick,83,391,11.702817778337403,2.4842298608746916,3341.075691392579,0.7347,0.7565,0.0643,0.6680000000000001,0.6596
2021-04-01,Harvard,124,1050,15.10472717190075,1.7837963517292315,6951.466173803588,0.3981220401442684,0.32163388348753336,0.3771245060373216,0.5532472910459463,0.41550423004547593
2021-04-01,Harwich,665,3755,29.828480090760113,5.282540415540739,12588.64008013327,0.35931219271561293,0.4892867877990627,0.17061357669434624,0.37161854805557837,0.32599626188714403
2021-04-01,Hatfield,150,813,25.133274738517454,4.6371355606120765,3234.755551985649,0.2385,0.5205,0.1688,0.7538,0.41870000000000007
2021-04-01,Haverhill,7424,10853,16.459227898353355,11.258942957465706,65938.69449420393,0.606178614284435,0.6792564392534125,0.5410066714426436,0.5261982154050838,0.6140824470058464
2021-04-01,Heath,7,30,5.100416035780395,1.1900970750154254,588.1873123593107,0.6628,0.8187,0.0595,0.6543,0.6369
2021-04-01,Hingham,1785,5510,22.953515513020786,7.4359392360693475,24005.03747181714,0.07868490857584343,0.4872689844621856,0.0987854622714396,0.2687287535410765,0.13406525452828572
2021-04-01,Hinsdale,68,578,19.519538799246355,2.2964163293231006,2961.135536779775,0.47074960629921264,0.47952652035516835,0.09808803819735298,0.12630055285642486,0.21431512816217124
2021-04-01,Holbrook,962,1931,17.03603520292846,8.487139236259543,11334.796958320825,0.4624469554186299,0.6936133744110184,0.514874420079739,0.2865165096049293,0.4841833725987677
2021-04-01,Holden,1365,4399,23.156049240144505,7.185271019049159,18997.19574085924,0.2412512333852233,0.5690222488324752,0.2828547718836068,0.21838288827685304,0.23781759070769967
2021-04-01,Holland,117,337,13.137032321316445,4.56092813529384,2565.267343166814,0.6134,0.656,0.0882,0.2771,0.4262
2021-04-01,Holliston,720,2896,21.09842877108317,5.245465716567639,13726.140611803115,0.06459356976903104,0.2937157304906382,0.2186416222495558,0.12575677190105233,0.06383307366406997
2021-04-01,Holyoke,5040,5824,14.331293516175627,12.402080927459677,40638.34149671482,0.7802232390529027,0.8001606622746186,0.7729442713493164,0.7136523132553992,0.8052782370715276
2021-04-01,Hopedale,342,1072,19.029061096225053,6.070838521370306,5633.488665463696,0.40230000000000005,0.6594,0.0478,0.5062,0.3988
2021-04-01,Hopkinton,777,3074,18.764839231381334,4.743096969025146,16381.701767309592,0.10094472581208523,0.17215064617534057,0.34697249970893,0.2318972522994528,0.11212832110839446
2021-04-01,Hubbardston,146,896,19.146304821587027,3.1198219910175284,4679.754178935772,0.3304,0.1546,0.15310000000000001,0.085,0.0796
2021-04-01,Hudson,1505,3554,16.875300531487962,7.146124732664429,21060.36567093143,0.4282959482585062,0.4909631769679887,0.4751079021542179,0.4139430843567546,0.4249634336621704
2021-04-01,Hull,527,2296,23.43981835574182,5.380132523290914,9795.297749982656,0.33189378357636223,0.4288348810437453,0.18782538372985416,0.14392173829623944,0.18539641212586339
2021-04-01,Huntington,92,339,15.408812894605699,4.181742732459364,2200.039693639714,0.5165871313087175,0.4120379724710509,0.11304159930085209,0.3602824776054184,0.3509173913043478
2021-04-01,Ipswich,687,3878,28.923021902877228,5.123805066342613,13408.004229372109,0.2900247248399396,0.5422229120207179,0.167317574275232,0.35323755125530537,0.2967161571109992
2021-04-01,Kingston,1001,2561,18.73387308299574,7.322376788785137,13670.42462951537,0.3805737613033406,0.6298434123010238,0.1594447574919662,0.5574959420073238,0.4395180255586279
2021-04-01,Lakeville,909,1918,16.87197142434431,7.996153297564638,11367.966147883271,0.28859567466590025,0.5338569622072137,0.0790218996982325,0.3537398189395028,0.2768425707716626
2021-04-01,Lancaster,503,1239,14.42541350033696,5.856322026367628,8589.008557509,0.5456,0.3912,0.4716,0.3697,0.4804
2021-04-01,Lanesborough,100,775,20.177365650148193,2.603531051632025,3840.937481322335,0.4727820694542877,0.6866932671863927,0.0746516654854713,0.39556300496102054,0.41674514528703044
2021-04-01,Lawrence,18626,9638,10.985846149128056,21.2307916967897,87731.0665848435,0.9168210101216645,0.7784210520396686,0.969110316941008,0.7188115223392292,0.908547656681321
2021-04-01,Lee,301,1616,27.717982249435355,5.162817238292105,5830.150208833905,0.5762161610093121,0.7642027635926705,0.34526836887954343,0.7125523881045359,0.6365734154400722
2021-04-01,Leicester,985,1925,17.090293181068443,8.744903264079177,11263.703785564045,0.5067919111136501,0.4992280597526492,0.278288897774985,0.4491876238896346,0.4610422267287424
2021-04-01,Lenox,218,1833,37.92853396928483,4.510867651557061,4832.7731345598395,0.43653973107569716,0.6759505079681275,0.27688097609561757,0.7536755179282869,0.5725347410358566
2021-04-01,Leominster,4644,6228,15.424784277912293,11.501717756362346,40376.57764146666,0.6438921546894523,0.6862982346539842,0.5976037060174922,0.6863762222401354,0.6993952823344484
2021-04-01,Leverett,27,464,22.90045935052267,1.3325698328967932,2026.16023066546,0.3975,0.6067,0.11070000000000002,0.43550000000000005,0.3747
2021-04-01,Lexington,1081,7761,22.772737154466274,3.171927440275485,34080.22473257188,0.08594523526658747,0.4737667602692875,0.6197175270907587,0.3212136767829499,0.28871288476077334
2021-04-01,Lincoln,164,1751,20.133814037354,1.8857484306830703,8696.812222221744,0.06129788802013121,0.4801555944998652,0.5154794823402534,0.233852260267817,0.21645894670621013
2021-04-01,Littleton,528,1688,17.301424280867355,5.41181991723813,9756.422203151573,0.20477043784599902,0.4778346854554605,0.21035276295923502,0.36218311021640665,0.24952448917966788
2021-04-01,Longmeadow,1021,4198,27.24837151102316,6.6271051245246895,15406.425291514119,0.3593305907557663,0.6390718388184885,0.4933300574345884,0.4163734752484274,0.4323373552739539
2021-04-01,Lowell,15700,13569,11.683018923947479,13.517827187410672,116142.92579965523,0.8177169249328604,0.5267692536370295,0.8167536549812583,0.6887097047292154,0.8027664675216498
2021-04-01,Ludlow,2000,3913,18.89051826367334,9.655261059889261,20714.09553397346,0.6094586098612673,0.6118624765654294,0.4740895763029621,0.3622804274465692,0.5473232470941133
2021-04-01,Lunenburg,675,1821,17.478704241605037,6.478926613445029,10418.39243246318,0.42838723272114276,0.35968327566320646,0.2143427823618135,0.4746774376719014,0.3741587791677757
2021-04-01,Lynn,16171,17869,17.722908926288934,16.03879121646529,100824.30640657622,0.7569042136902399,0.6873594289747128,0.8664982835214275,0.6572958411312123,0.7821289551787368
2021-04-01,Lynnfield,1117,3260,28.119714753204015,9.634883858689841,11593.28972079473,0.30440407371483996,0.4714545737315629,0.35025190474597817,0.14301116759757854,0.24240393993110138
2021-04-01,Malden,6569,10374,15.333823060932792,9.70964755034389,67654.36094297103,0.7108093869174337,0.36591334293109523,0.852629023019313,0.7204944358507038,0.7453886480939764
2021-04-01,Manchester,214,1294,26.411747027404562,4.367939616587771,4899.335127878359,0.2207,0.6778,0.0902,0.1879,0.1784
2021-04-01,Mansfield,1671,3953,16.728318872438145,7.071343495027609,23630.58733004563,0.22297835528807708,0.23139973065106687,0.3333053785615084,0.42823247338074993,0.2582072892555027
2021-04-01,Marblehead,1248,5385,28.28823141199894,6.555935525009225,19036.1847708721,0.18775244533385396,0.6488869582194455,0.25560841468176493,0.07934544123389302,0.14663857868020305
2021-04-01,Marion,397,1293,28.123826543105483,8.635080539530454,4597.525155469916,0.2721,0.9384,0.2208,0.2709,0.394
2021-04-01,Marlborough,4451,6527,14.964966860099397,10.205158188187898,43615.198490032926,0.4580962691069992,0.40556471741753825,0.664725175985519,0.6986110418342719,0.616249253318584
2021-04-01,Marshfield,1738,5906,22.78778520456079,6.705921213262218,25917.39366938548,0.3585409315972859,0.5852238920471912,0.142755281496424,0.19389081239684577,0.23841669723088207
2021-04-01,Mashpee,747,3922,25.245902970002223,4.808436899181964,15535.19398636766,0.375647169384058,0.5780890987318841,0.2067356838768116,0.21030018115942029,0.29086308876811595
2021-04-01,Mattapoisett,408,1807,31.52357119624948,7.117663003912445,5732.218563533144,0.1234,0.2503,0.0355,0.0412,0.0165
2021-04-01,Maynard,566,1908,18.33491321468956,5.438973207292605,10406.375954216948,0.15172932075471698,0.258272,0.19450028301886796,0.29026271698113204,0.13872273584905662
2021-04-01,Medfield,536,2514,22.326191821734632,4.760079083711123,11260.317120238175,0.06400275337307813,0.2647719956071541,0.19262789457169752,0.1755563539378726,0.0796255177282711
2021-04-01,Medford,4912,11350,18.679774915309725,8.084145760704967,60760.90344481438,0.40143457460686416,0.149101888000759,0.5927121640852921,0.5328511147743175,0.3907115972106923
2021-04-01,Medway,685,2336,17.877458928823636,5.242319934179877,13066.733976570305,0.2424045983086681,0.31694112050739953,0.1867171247357294,0.14442595137420716,0.12567690274841437
2021-04-01,Melrose,1918,6476,22.339481300747984,6.616294801549511,28989.03476233876,0.16339598804950917,0.27757159624413147,0.3274203122777066,0.4183096208564518,0.23810656565656566
2021-04-01,Mendon,274,946,16.38269675432017,4.745093985923601,5774.385097804711,0.26886623301947815,0.14469352404226263,0.11881712786602458,0.30077957306116576,0.1297789333716668
2021-04-01,Merrimac,357,1353,21.297979553356658,5.619644272393442,6352.715273345077,0.4736,0.7326,0.0328,0.4623,0.43450000000000005
2021-04-01,Methuen,6923,10061,18.687794959214266,12.859119819365905,53837.27733506242,0.6358299506187649,0.6171142525840181,0.6650236190247705,0.44999960015194224,0.6068451288510366
2021-04-01,Middleborough,1897,3900,14.23262976659024,6.922897094159406,27401.82288135453,0.35648939808202407,0.5446469536829218,0.1951625300958988,0.502586276270149,0.3811866108957356
2021-04-01,Middlefield,6,0,0,1.3523595222621345,443.66900230521617,0.379,0.6265,0.015,0.465,0.34389999999999993
2021-04-01,Middleton,1297,2499,23.970370967913187,12.440804780065386,10425.370568295206,0.4112,0.5363,0.3691,0.6433,0.523
2021-04-01,Milford,2759,5000,17.045930168141638,9.405944266780557,29332.51486237377,0.4870909594801223,0.45478628768020973,0.48759047346002626,0.4493308295107034,0.4845874863477501
2021-04-01,Millbury,1144,2479,18.133732899532664,8.368289809223624,13670.65465083523,0.4657455617044826,0.3564172993912562,0.23177441062534587,0.3839041062534588,0.3382205810736027
2021-04-01,Millis,438,1770,22.501164403397482,5.568084750671241,7866.259577805428,0.0802,0.4487,0.2864,0.3539,0.2073
2021-04-01,Millville,201,313,8.721491552042647,5.600702242685534,3588.8356725713134,0.4935,0.6750999999999999,0.0622,0.4396,0.4316999999999999
2021-04-01,Milton,2188,6273,21.82121023442688,7.611160209297945,28747.25981102192,0.30090364039437606,0.4490145149057814,0.49944773933842834,0.3614275363164343,0.34307237034012017
2021-04-01,Monroe,3,0,0,3.084620355395846,97.2567011286228,0.6628,0.8187,0.0595,0.6543,0.6369
2021-04-01,Monson,487,1318,15.70999653549743,5.804831800293814,8389.562639443751,0.5890959622726252,0.6722456276667416,0.09814015270604089,0.35002485515382886,0.4241113092297327
2021-04-01,Montague,255,1430,16.917353724305922,3.016730908879728,8452.858663973282,0.571312711557789,0.7886576,0.3130214994974874,0.511255288442211,0.5965098572864321
2021-04-01,Monterey,18,248,26.783623563541756,1.9439726779989985,925.9389395599969,0.4839288653493583,0.5863155428804238,0.0309496842534121,0.4308837034019149,0.37449706661234466
2021-04-01,Nahant,239,1232,38.09880140688575,7.390920078121505,3233.69752985808,0.0267,0.6346999999999999,0.2187,0.2346,0.1421
2021-04-01,Nantucket,1317,2140,18.746007925534947,11.536678709312861,11415.7638709039,0.2825074813784072,0.3455199721699272,0.30941019071785214,0.4113263403454203,0.3059024474093477
2021-04-01,Natick,1901,7215,20.032812066206468,5.278222555489743,36015.91217526095,0.10488363495274783,0.3768343624421473,0.44674082254801434,0.3835554499348724,0.23491062273092594
2021-04-01,Needham,1615,8217,28.10778400187638,5.524409293298083,29233.89477965058,0.12791935355860237,0.47061101013909007,0.3829007797773765,0.3362631897458283,0.25929084704061583
2021-04-01,New Bedford,13134,12040,12.04242920575254,13.136649932587531,99979.82794242726,0.8224512092768064,0.7860198926405385,0.6866888303157022,0.4682727323279505,0.7618810964307428
2021-04-01,New Braintree,28,164,15.453940290471822,2.63847761056836,1061.218025419153,0.7347,0.7565,0.0643,0.668,0.6596
2021-04-01,New Marlborough,23,151,9.91277853342908,1.5098934189991313,1523.2863267425919,0.3167,0.8378999999999999,0.0116,0.2524,0.2835
2021-04-01,New Salem,12,163,16.714847660410946,1.2305409320547938,975.1808889414223,0.3975,0.6067,0.11070000000000002,0.43550000000000005,0.3747
2021-04-01,Newbury,284,1537,23.270452437669448,4.299810339816606,6604.942487117073,0.2618,0.3892,0.1046,0.0857,0.1009
2021-04-01,Newburyport,949,4768,26.848674520409386,5.343832239905308,17758.79102104478,0.2052437909949972,0.40639141745414126,0.259878849360756,0.3271856864924958,0.24084038910505837
2021-04-01,Newton,3944,24746,26.988764845954787,4.301450276911245,91690.00560508814,0.1509793037472719,0.46274612421051414,0.5508846378061699,0.49987686828104827,0.36064495800021995
2021-04-01,Norfolk,952,2801,22.421057424592934,7.620437939383247,12492.720334089478,0.2341946629213483,0.12158539325842696,0.3752484082397004,0.0803743445692884,0.08222322097378278
2021-04-01,North Adams,431,2938,20.192843690887074,2.9622585537005883,14549.70902055714,0.7897244659362184,0.8719952622880578,0.24436796229417884,0.6559472363347004,0.7434401175246373
2021-04-01,North Andover,2731,6573,21.70148927144629,9.016699710987346,30288.24389784353,0.25857724018438,0.41143870345549055,0.39949060119650853,0.5302920821210239,0.39554672921638495
2021-04-01,North Attleborough,2069,4416,14.561908378791438,6.822597018958216,30325.69554160665,0.4136425545198166,0.47493656756582203,0.33952869260080515,0.5978428473014574,0.4817314374286883
2021-04-01,North Brookfield,259,741,15.998228920954752,5.591823603950447,4631.762701116407,0.5936,0.3694,0.0041,0.2188,0.2649
2021-04-01,North Reading,1297,3174,19.056546983006683,7.787127106792586,16655.6931999819,0.12171980565145124,0.19178982866641092,0.2808537974683544,0.2220761283723309,0.13313501470400207
2021-04-01,Northampton,1118,6646,22.760692219381664,3.8288374813825907,29199.46342554845,0.6351849897298151,0.6071448530573551,0.41578219505451103,0.5159606118660136,0.5881651366724602
2021-04-01,Northborough,1143,3104,22.884810679739243,8.426977643989032,13563.58172867947,0.08370495829162496,0.33656170837504173,0.45717871204537874,0.38701801801801805,0.23319905905905908
2021-04-01,Northbridge,1054,2619,14.373866282946873,5.784671654152731,18220.56744125397,0.4166321268309203,0.5171420095673525,0.2084036216239099,0.3144402336804674,0.3316765197697062
2021-04-01,Northfield,47,556,18.852246411693123,1.5936251463121884,2949.250650867477,0.4496,0.8447,0.0246,0.2805,0.37820000000000004
2021-04-01,Norton,1346,3053,15.334098605881321,6.760464043077714,19909.87588164482,0.39752086686360394,0.2870735000509321,0.19738518386472445,0.3834538555566874,0.27372089232963226
2021-04-01,Norwell,647,2450,22.856827827025896,6.0360684098309205,10718.897733932798,0.19741932995760716,0.5321930581723976,0.06106882359868111,0.4529574364107395,0.26386289448893074
2021-04-01,Norwood,2674,6434,21.264169723454152,8.837486764146162,30257.4710589493,0.3673210643471114,0.4582085647751789,0.438715468648334,0.5568314509777063,0.46282779699325366
2021-04-01,Oak Bluffs,252,880,16.895401662892453,4.838228658010111,5208.517782283645,0.3087247385971853,0.5353104222008703,0.17914909286158368,0.43749987565703946,0.3460082801107782
2021-04-01,Oakham,81,364,17.056167812690116,3.7954659143623606,2134.1253439660522,0.4352,0.199,0.0294,0.24970000000000003,0.162
2021-04-01,Orange,299,1188,14.621889370168134,3.680088317912687,8124.805009288204,0.622847246813587,0.5968962767627299,0.10997111822691029,0.5958396245369498,0.5539210209078923
2021-04-01,Orleans,278,2232,39.71333294554594,4.946373906300077,5620.278718637062,0.25187544206085627,0.3613798043263621,0.09077587290189391,0.6957784669239745,0.35171079795350507
2021-04-01,Otis,52,315,16.755714874963495,2.766022773009847,1879.955599332113,0.5867,0.4911,0.0499,0.6529,0.5038
2021-04-01,Oxford,986,2139,15.55709245852323,7.171245051006968,13749.35583691354,0.5844175404886083,0.6599559429041998,0.3203891572879495,0.25182272852045023,0.4548224814713148
2021-04-01,Palmer,818,1527,12.924695199428843,6.923641567212045,11814.591960880283,0.6202702285519358,0.7360330547501278,0.20331695377792938,0.6267403547671839,0.605219844789357
2021-04-01,Paxton,404,1109,22.38972457948787,8.156401019037961,4953.164993445251,0.15055269423558895,0.5040969715956557,0.3196744569757728,0.26759168755221385,0.21606276106934
2021-04-01,Peabody,6320,12688,22.67052007302108,11.292377589966364,55966.9560254124,0.5337438456445663,0.5857363283836187,0.4635206393644188,0.4872527494561619,0.544176642390996
2021-04-01,Pembroke,1242,3359,17.895998819699525,6.617097509397681,18769.558680918588,0.2881174060314685,0.411835347465035,0.05784702797202798,0.21523141389860137,0.1640370410839161
2021-04-01,Pepperell,476,1484,12.07275886753181,3.872394353736618,12292.136505691622,0.32150881403624926,0.37580780435322353,0.11969348671687495,0.4001786063063809,0.270232582967806
2021-04-01,Petersham,42,236,18.616749769206432,3.3131503826553823,1267.675630417306,0.6861473265697834,0.6060355908966274,0.07875989854675075,0.6445383054565397,0.5930437345763642
2021-04-01,Pittsfield,2501,10845,24.672666526292332,5.689842229807019,43955.52458200279,0.5690375449042044,0.7114654387307079,0.3299066441591272,0.5292486162852581,0.5623749401277275
2021-04-01,Plainfield,16,38,6.070821012423163,2.5561351631255427,625.9449903437744,0.379,0.6265,0.015,0.465,0.34389999999999993
2021-04-01,Plainville,556,1580,17.15341269637839,6.036264214674927,9210.99508282446,0.2248,0.264,0.0465,0.6605,0.2663
2021-04-01,Plymouth,4693,12457,19.858569228204853,7.4814373756093255,62728.58762809304,0.335280858235998,0.4593000960711938,0.19330878124420622,0.40044210277932274,0.3059626401038243
2021-04-01,Plympton,145,533,17.724841897404495,4.821955112802348,3007.079008575241,0.3797,0.23530000000000004,0.028000000000000004,0.2209,0.1434
2021-04-01,Princeton,137,816,25.261180842238993,4.2411541365033605,3230.252794182819,0.0836,0.1915,0.1148,0.0782,0.0261
2021-04-01,Provincetown,71,1110,42.97608505712969,2.7489207559064934,2582.831820358779,0.5846,0.3659,0.22350000000000003,0.8203,0.5854
2021-04-01,Quincy,6937,17139,16.88058287480541,6.832405823124169,101530.85427861784,0.5836996851868367,0.2559347855168108,0.7911661856773388,0.6326012512262552,0.5973709676268617
2021-04-01,Randolph,3801,6199,18.00052497279697,11.037263336280253,34437.88450263616,0.7132569668702948,0.6994788040860814,0.7761771235203163,0.4580421282096779,0.7194572938582038
2021-04-01,Raynham,1480,2757,18.23050656617412,9.786416292324157,15123.00269875928,0.5491138546992362,0.626859275389762,0.3580498327336994,0.46668726251341286,0.5366996780912706
2021-04-01,Reading,1934,5730,20.70082050927083,6.98697851045895,27680.06223441157,0.11689760956175299,0.41386797609561754,0.20687868525896413,0.25180693227091633,0.15903009561752987
2021-04-01,Rehoboth,888,1727,13.584937811642252,6.985190953525374,12712.608802080536,0.17755782155272307,0.23555347624565473,0.32189507531865585,0.0629954808806489,0.07473383545770568
2021-04-01,Revere,10002,10471,17.208168433564882,16.437408143684074,60849.009238985025,0.7367658165066662,0.5351942517527194,0.8418401183611023,0.6941944972175054,0.7799411540207468
2021-04-01,Richmond,39,368,28.203775962960464,2.988987126509397,1304.7898284374692,0.23495112531258683,0.4096226451792164,0.12144140038899695,0.46407507641011386,0.27032717421505975
2021-04-01,Rochester,421,1085,19.116807614731048,7.417673738066149,5675.633828965876,0.4414,0.4679,0.175,0.2812,0.3109
2021-04-01,Rockland,1693,3042,16.814725102112526,9.358096514752303,18091.28595041864,0.42255505611703614,0.5666895918253392,0.2205016695516221,0.5149758277960802,0.4356365123680831
2021-04-01,Rockport,272,2159,33.4115920431221,4.209334430629556,6461.82916759406,0.3321329450915142,0.5403296173044925,0.040743094841930116,0.17994126455906823,0.18765191347753743
2021-04-01,Rowe,10,42,12.505267741061038,2.977444700252628,335.8584627667989,0.6628,0.8187,0.0595,0.6543,0.6369
2021-04-01,Rowley,365,1361,22.023296937830363,5.906321368338047,6179.819505871312,0.1179,0.288,0.0636,0.1735,0.07
2021-04-01,Royalston,68,216,16.95659889927531,5.338188542364449,1273.8403572737184,0.7759333851590106,0.7069226572438163,0.3078984028268551,0.587401554770318,0.6896282685512367
2021-04-01,Russell,116,191,10.080711187071831,6.122316741886556,1894.7075901247028,0.5284,0.3789,0.0807,0.3052,0.3157
2021-04-01,Rutland,571,1795,19.69019385853023,6.263565845805437,9116.212937753106,0.133,0.1122,0.0355,0.5185,0.1242
2021-04-01,Salem,4341,8380,18.613475046163934,9.6421354624579525,45021.14720231696,0.5832129624497714,0.5068689090573184,0.6390135767401043,0.6630391667821347,0.6386260657706341
2021-04-01,Salisbury,596,1681,18.987478753059047,6.732026970150621,8853.202796759819,0.5190968400477793,0.49810507112607233,0.16529240959930502,0.6691163970029319,0.5102291128244109
2021-04-01,Sandisfield,30,162,17.38862650819602,3.2201160200363,931.6434505257923,0.5867,0.4911,0.0499,0.6529,0.5038
2021-04-01,Sandwich,1065,4680,22.203289172528553,5.052671574517716,21077.95815131039,0.22587634936812068,0.38318928862617196,0.16088224215246638,0.10773068487566245,0.10688201793721973
2021-04-01,Saugus,3876,6432,22.579267915370274,13.606536449001116,28486.30887461846,0.5930892685851319,0.6784980626025495,0.4618964943834406,0.5474932443518868,0.6337984096932979
2021-04-01,Savoy,15,117,18.858692327388518,2.417781067613913,620.4035675903183,0.7498,0.8755,0.11620000000000001,0.48829999999999996,0.6706
2021-04-01,Scituate,1115,4277,23.630824161472706,6.160479060098683,18099.24178172824,0.17530188612795927,0.50594511445901,0.12536781060457838,0.14415673253766387,0.1299667892780278
2021-04-01,Seekonk,1214,1857,13.251782990602349,8.663255008395936,14013.20864759793,0.377611939513478,0.498969513477975,0.14859170282708745,0.28700971729125574,0.28076083497698884
2021-04-01,Sharon,901,4303,23.53972343410124,4.928954407186897,18279.73897843839,0.09620523369565216,0.3885200597826087,0.4800243423913043,0.20729829347826087,0.18682140217391302
2021-04-01,Sheffield,96,688,22.527190493733666,3.143328906102372,3054.087016272088,0.3626,0.3577,7e-4,0.2853,0.1805
2021-04-01,Shelburne,30,832,45.44751008273924,1.6387323347141554,1830.683349836562,0.49616936061075984,0.7001140939997614,0.0968280329237743,0.45861992126923534,0.45410169986878207
2021-04-01,Sherborn,148,871,23.08169965606639,3.9220339254854486,3773.552264254862,0.0103,0.3502,0.1969,0.0123,0.0055
2021-04-01,Shirley,795,1305,15.306681434456845,9.324759954324286,8525.688638572674,0.645,0.2367,0.5038,0.8553,0.6733
2021-04-01,Shrewsbury,2757,7333,18.566142787511648,6.980343060844076,39496.62611090376,0.3297938269522685,0.51241645423222415,0.6291072115268775,0.5548921596029203,0.5185445244922053
2021-04-01,Shutesbury,33,276,15.840365657208423,1.8939567633618766,1742.3840205001934,0.3975,0.6067,0.11070000000000002,0.43550000000000005,0.3747
2021-04-01,Somerset,1883,3889,20.99765212558775,10.16677267999016,18521.11834570715,0.6238298674780799,0.7969903711414501,0.2502020458822117,0.17345419385834968,0.4524839091964608
2021-04-01,Somerville,5241,12283,16.237407675953538,6.928295500258283,75646.31156111367,0.4336686263201187,0.08977953615021698,0.5963860031957038,0.6508277808768331,0.3943876105023306
2021-04-01,South Hadley,947,3436,19.008236983180335,5.238882544549411,18076.37395851275,0.49422636122177954,0.45549477506640107,0.22291619355909695,0.30408809345949533,0.3435509794156707
2021-04-01,Southampton,380,1284,21.33601640867759,6.314397379515174,6017.993122079636,0.3098,0.355,0.3431,0.1646,0.2121
2021-04-01,Southborough,449,2109,21.8092820791247,4.643133074218582,9670.194517859358,0.1495518862766539,0.3844623564789502,0.34253075451066156,0.2877332148715145,0.2070854291962821
2021-04-01,Southbridge,1730,2366,14.108569686394882,10.316071664185607,16769.94941791705,0.8305769089617615,0.8435081389842548,0.7089890020125489,0.5269012252870842,0.7976409257724637
2021-04-01,Southwick,528,1398,14.265519906180772,5.387835844394455,9799.85313675314,0.42741776498406503,0.7909503444021795,0.18617959288578184,0.31622030430759734,0.399201511257325
2021-04-01,Spencer,811,2124,18.51788031567463,7.070621909610229,11469.995289915123,0.5935869050616973,0.40317644589943763,0.27959363720305547,0.4019062536724587,0.41166926047175356
2021-04-01,Springfield,19194,18205,11.651595380357163,12.284576859685549,156244.69787794803,0.8733785944458216,0.8703516137717642,0.8246603741249476,0.6320620520031113,0.8596219077209748
2021-04-01,Sterling,648,1737,22.101750573667978,8.245212649244014,7859.105975385775,0.2001,0.277,0.1183,0.2737,0.14
2021-04-01,Stockbridge,65,551,32.294154666556835,3.809655269194545,1706.191122477667,0.5141,0.552,0.0957,0.4636,0.4296
2021-04-01,Stoneham,2289,5287,23.74700232053989,10.281234785647023,22263.86273364292,0.3117054732658959,0.42506972091763,0.3428509844653179,0.3859010612355492,0.33202011380057805
2021-04-01,Stoughton,2747,5231,18.898567805044184,9.92436737917346,27679.34614920292,0.44828018896677846,0.5507095757945194,0.5951338727106481,0.322371402842814,0.45277120334709486
2021-04-01,Stow,245,1426,19.682182932676454,3.381581219148479,7245.131319415531,0.0322,0.4337,0.1005,0.0405,0.0226
2021-04-01,Sturbridge,556,2000,18.923252675948252,5.260664243913614,10569.007528721693,0.22339412813253642,0.8942720352312047,0.2524744678620111,0.5047206354199434,0.4684786410821013
2021-04-01,Sudbury,758,3775,21.19618799607181,4.256082251926472,17809.80618165683,0.03260469681908549,0.43204075132538106,0.395014844267727,0.21806220178926441,0.13693370195493704
2021-04-01,Sunderland,195,594,15.963994597563076,5.240705297179797,3720.873221108925,0.4099,0.0698,0.5673,0.5933,0.3693
2021-04-01,Sutton,658,1640,18.3150304688296,7.348347590542608,8954.39405788115,0.07617341502397443,0.4664191262653169,0.1238288758657432,0.04384688332445392,0.03587405434203516
2021-04-01,Swampscott,1054,3907,28.693322114105527,7.740660739254474,13616.40866980451,0.3466005739000249,0.6817133702071031,0.41916727106379437,0.6331992098477918,0.5255620061548698
2021-04-01,Swansea,1661,3050,19.123326582086587,10.414375558310105,15949.10794891214,0.4743998724334832,0.5663399343943628,0.19054880330458027,0.21568907787632122,0.32850643907180177
2021-04-01,Taunton,5525,8085,14.04298219881859,9.59647206536459,57573.24110743497,0.6260116847673491,0.7041039589393412,0.43934954233538115,0.48832541133660534,0.6030009231909612
2021-04-01,Templeton,581,1524,16.896533893274523,6.4415263726984895,9019.601355083903,0.5275208869552501,0.44566360412401285,0.1857289412108804,0.671548603392805,0.5066291349809886
2021-04-01,Tewksbury,3006,6342,20.573777451406276,9.751620154356239,30825.64694295605,0.35407005999612934,0.5022931262499193,0.26573617508547837,0.3648480452874008,0.3247095735758983
2021-04-01,Tisbury,289,1809,43.33874938431628,6.923658691026757,4174.09368221099,0.331070239102022,0.5322519028215577,0.1946943107557469,0.40709324978857536,0.3492536711001768
2021-04-01,Topsfield,401,1724,29.83880891456702,6.940465414583164,5777.71051430394,0.2769,0.8953000000000001,0.1429,0.21600000000000003,0.3219
2021-04-01,Townsend,410,1235,13.55088015492775,4.4986727639841115,9113.799147215503,0.3584513167636171,0.40806123744050765,0.05512767847699629,0.3173790904283448,0.2390118455843469
2021-04-01,Truro,43,640,32.518168429283804,2.1848144413425055,1968.130527990182,0.5517,0.2175,0.2105,0.3155,0.3246
2021-04-01,Tyngsborough,1028,2114,17.64741967202263,8.581621297464173,11979.08838396037,0.4449533680090637,0.3851255484601916,0.42368785662787106,0.2188118704294984,0.3243678030693172
2021-04-01,Tyringham,8,33,13.65951257452051,3.311396987762548,241.589879726425,0.462,0.5014,0.0144,0.1845,0.2169
2021-04-01,Upton,278,1351,14.679674510619575,3.0206880192096532,9203.201331355536,0.2653,0.1737,0.3281,0.3882,0.2375
2021-04-01,Uxbridge,788,2220,14.220431016414269,5.047612450871371,15611.3411572231,0.4630010544153643,0.39228877800790807,0.07752520711730371,0.26594023724345695,0.2705659433251742
2021-04-01,Wakefield,2282,5764,21.258839534553502,8.4164940697174,27113.42729047539,0.26001169139465874,0.4078427448071216,0.2849349369436202,0.3634653635014837,0.27805251854599405
2021-04-01,Wales,78,240,12.558849019553639,4.081625931354933,1911.00314707446,0.6134,0.656,0.0882,0.2771,0.4262
2021-04-01,Walpole,1913,5670,21.76151095234201,7.342111190798988,26055.176096997002,0.28906583422080223,0.3311810063897764,0.42101575079872205,0.2518183990060348,0.2454228594249201
2021-04-01,Waltham,5261,10568,15.904370722154772,7.91757138240502,66447.14327036396,0.466738348322134,0.13360042022777563,0.6593787927079315,0.6635638725918106,0.5143622830345723
2021-04-01,Ware,528,1382,13.601845032513983,5.196652805475675,10160.386305655253,0.7307783348633571,0.8592133394534286,0.1638320104512393,0.6315043076053951,0.6935157051055717
2021-04-01,Wareham,1463,3813,15.765867631348616,6.049164527842388,24185.15802085188,0.6356369531327085,0.7591085564874198,0.303339883571781,0.46482456832757774,0.5970067627035027
2021-04-01,Warren,222,499,9.168881332066226,4.079141594626657,5442.321499514373,0.4304,0.20179999999999998,0.0185,0.6049,0.3027
2021-04-01,Warwick,16,81,11.036292734125038,2.1800084413086496,733.9421121872019,0.6943,0.5814,0.1552,0.5453,0.5841
2021-04-01,Watertown,2186,7429,22.48708465669494,6.616875361358883,33036.74137139965,0.27769915811445467,0.29756007653504957,0.5417565193946774,0.43498825360932336,0.36007133066620284
2021-04-01,Wayland,574,3381,25.579603036302185,4.342706933699335,13217.562427383005,0.030049811547714515,0.3672581676022454,0.3398312229350441,0.2917509623095429,0.13948717321571774
2021-04-01,Webster,1718,2545,14.812960340785555,9.999475782109855,17180.90065354914,0.6511339932826586,0.7970732720523246,0.455462435920099,0.5854986388545166,0.6710597489835602
2021-04-01,Wellesley,1210,5546,18.66519804282582,4.072284463003831,29713.05199802939,0.13962882541069901,0.2577795415267873,0.4108868755090284,0.34129119802943925,0.1748003357104547
2021-04-01,Wellfleet,63,917,33.226632925451355,2.2827457735042915,2759.834263247254,0.5981838921146283,0.4982196478741337,0.10807512642817005,0.4217671661359805,0.4292525004682524
2021-04-01,Wendell,11,133,18.752192269354687,1.550933195209786,709.2504070436181,0.6943,0.5814,0.1552,0.5453,0.5841
2021-04-01,Wenham,254,886,17.028232266625825,4.881682839416433,5203.123766032365,0.024,0.1005,0.2468,0.7503,0.1675
2021-04-01,West Boylston,585,1809,23.07209913796536,7.4611265869042205,7840.638986433936,0.5748672911070267,0.38548744521419487,0.48812206984306516,0.33561428672416227,0.4675452000565531
2021-04-01,West Bridgewater,773,1314,18.03502735074622,10.60964698791996,7285.822053081787,0.3652122958827635,0.44429077459874383,0.06357560362875087,0.3964309560362875,0.29344766224703417
2021-04-01,West Brookfield,249,736,19.871070086244334,6.722685396025597,3703.877027284469,0.4448109627156372,0.4356945464663327,0.03400333889816361,0.7164484140233722,0.42987779632721207
2021-04-01,West Newbury,175,1009,24.99762008250144,4.335563443446731,4036.384250460343,0.2666,0.528,0.1237,0.24210000000000004,0.2093
2021-04-01,West Springfield,2602,4607,15.697905607227945,8.866062598221644,29347.86407352808,0.6334440242796344,0.5452255110583967,0.5286903753575665,0.47447926463406126,0.5684341275378497
2021-04-01,West Stockbridge,39,411,34.97525198552721,3.318819531473385,1175.1166229483413,0.34542775800711745,0.6174684064847766,0.1564141162514828,0.28594717279557136,0.29782574139976276
2021-04-01,West Tisbury,99,559,19.468598112788268,3.4479270360752032,2871.290458416786,0.1241,0.3865,0.1634,0.2846,0.15310000000000001
2021-04-01,Westborough,1441,3846,20.55461495326446,7.701300090393677,18711.126473274962,0.15152958200669442,0.3399421707894522,0.6009383419054617,0.45808303943179035,0.32643288023512124
2021-04-01,Westfield,2835,5917,14.007488990902205,6.711379295117078,42241.68945514119,0.5388672262354294,0.6102319528813003,0.3961632080118207,0.5415882162206535,0.5323587362502052
2021-04-01,Westford,1174,4137,17.917455400212997,5.084624761868517,23089.21611687573,0.07528726957096801,0.31314365545176487,0.40451683888567413,0.1738474952467554,0.12429399851202777
2021-04-01,Westminster,498,1464,20.01189747069523,6.807325778966001,7315.648114547028,0.3249,0.37000000000000005,0.0198,0.0137,0.0343
2021-04-01,Weston,511,2522,22.965429503247776,4.653185755812694,10981.72363657879,0.10067438468550592,0.6809764813126709,0.461283773928897,0.5026597082953509,0.39082625341841387
2021-04-01,Westport,1461,3999,23.871453220717356,8.721228596016019,16752.22686706556,0.4549309005564599,0.6070942272021804,0.1968593065071734,0.2446392815232615,0.319988458189802
2021-04-01,Westwood,964,4032,27.437562400399155,6.5599727564446395,14695.18298003522,0.27177741385698406,0.5916147017413856,0.355232823267877,0.5125584846239348,0.410875483512412
2021-04-01,Weymouth,4762,11552,20.563460007601055,8.47673100382585,56177.31644251469,0.5251269286855079,0.40610241649885426,0.39437342148858706,0.4914275913379031,0.4763061811183747
2021-04-01,Whately,55,176,12.125492955751037,3.789216548672199,1451.4873798720441,0.4099,0.0698,0.5673,0.5933,0.3693
2021-04-01,Whitman,1205,2373,15.271133270787717,7.754620982426969,15539.121805317045,0.45726611189091637,0.5966926809705233,0.11835764988971326,0.34130372969721273,0.36540242630840186
2021-04-01,Wilbraham,1229,3462,23.820899962481754,8.456350679922032,14533.45593765432,0.28024622480918127,0.6766889078029763,0.3245493492943825,0.49082867497666244,0.41178614024490695
2021-04-01,Williamsburg,68,851,34.61780966188369,2.766170454768614,2458.272225515766,0.44779896288613974,0.25785718201348246,0.2378103118749537,0.4299900733387658,0.31042823912882433
2021-04-01,Williamstown,264,1351,18.820155864560792,3.677661841779459,7178.474023926626,0.5150032860635697,0.3509649682151589,0.28996335452322736,0.6035800293398532,0.49774551589242055
2021-04-01,Wilmington,2014,4346,17.7675913520717,8.233761846082007,24460.26540053926,0.20001171696677655,0.40341932538676134,0.285340975568518,0.4159317693803365,0.27092412291825174
2021-04-01,Winchendon,653,1376,12.782031344284535,6.065891328355961,10765.112077551556,0.6674553437029604,0.6724919217260412,0.11805439036628197,0.8077791771199196,0.6697719016557954
2021-04-01,Winchester,1165,4885,21.921277556222524,5.227899355782854,22284.28515387031,0.16654757347703553,0.3592762674595063,0.47042292111864725,0.38019501068475325,0.2753842980581622
2021-04-01,Windsor,22,164,19.401213834567123,2.602601855856565,845.3079348458156,0.4181,0.199,0.05539999999999999,0.1043,0.1064
2021-04-01,Winthrop,2233,4621,24.491021322419613,11.834765334984418,18868.13922198433,0.44164268141354196,0.4586256056110062,0.42168435392500675,0.4435601618559482,0.4498762881035878
2021-04-01,Woburn,3935,7813,18.815157655136428,9.476212130162786,41525.0307396021,0.34469835753951306,0.38890051900897055,0.5258192738146091,0.584628385305425,0.482981892353695
2021-04-01,Worcester,21909,28819,15.043219905445117,11.436271380283738,191574.6773705577,0.7405941863659928,0.5678482019180923,0.7332055811301192,0.6914616054950752,0.7478125974598236
2021-04-01,Worthington,33,231,22.068753552284644,3.152679078897806,1046.72880347647,0.379,0.6265,0.015,0.465,0.34389999999999993
2021-04-01,Wrentham,996,2554,22.659242622694176,8.836572299218245,11271.338775648497,0.21434446906425772,0.24912733935571843,0.11703289585818986,0.26723664564513383,0.12556698483040737
2021-04-01,Yarmouth,1375,6724,27.944828693493722,5.714476420814079,24061.69697352813,0.4275704181560006,0.576538231405768,0.22597130196347254,0.23312009254272145,0.31080061939969644
2021-04-01,Allston Brighton,4630.48236,11391,17.03581844014058,6.925121304120242,66865,0.6252743082642613,0.06962004408418658,0.6970243143588493,0.8125581626848691,0.5659213148057858
2021-04-01,Back Bay Downtown,3139.0315199999995,11639,23.27008817002219,6.275929224063817,50017,0.419596526555544,0.13981739902089835,0.5360618594057356,0.8171753479360478,0.5099104373419312
2021-04-01,Charlestown,1249.03872,3502,21.302998965873837,7.598021290832776,16439,0.3425045122076852,0.23462949933038013,0.6184213866282064,0.56872843824044506,0.3991709333470691
2021-04-01,Dorchester Codman,9203.4432,12230,17.16202183491903,12.914938115685779,71262,0.7983632364657691,0.706605820101562,0.8606540765658826,0.6338825887863254,0.8058765618586984
2021-04-01,Dorchester Uphams,7991.382599999999,8817,14.875238304118232,13.482331921785635,59273,0.883164267981398,0.7329385328158327,0.9063260953180181,0.7074167873002553,0.8731214436402206
2021-04-01,East Boston,7218.95076,6705,16.55228596820381,17.82104957045522,40508,0.7919291857566007,0.5546424915293967,0.9507168495748716,0.8369748971807276,0.8521982419502632
2021-04-01,Fenway,2915.10846,8043,14.739947952937726,5.342353223619104,54566,0.7114683320445147,0.0890353385670578,0.7075507497562451,0.9523703610933665,0.6803044497865044
2021-04-01,Hyde Park,4152.848309999999,6220,21.83375456332491,14.577535488626788,28488,0.743107725698349,0.7353229004543206,0.8620078808870496,0.6851472808240745,0.8228198709009942
2021-04-01,Jamaica Plain,2763.0872999999997,8990,25.39476285980622,7.805110872574221,35401,0.5504186791926332,0.32253296809599113,0.7469240200911543,0.6232158738721979,0.5978199962794158
2021-04-01,Mattapan,2628.52803,3767,14.73671856662233,10.282951373131993,25562,0.8640867274223659,0.8873553786859907,0.9068995202440935,0.7502659714555273,0.9052692293795291
2021-04-01,Roslindale,3282.8353199999997,6109,20.48212968550929,11.006622812311404,29826,0.6329391452063607,0.5656355446997567,0.8022511629777054,0.5561895281748186,0.6889500552841606
2021-04-01,Roxbury,4970.47563,7981,19.693044143410567,12.26460293137908,40527,0.902085109932747,0.5592862002069322,0.8757993662700466,0.8453128491981377,0.8832675530263838
2021-04-01,South Boston,4268.918519999999,6783,20.01534421198619,12.596767446664108,33889,0.3778088826634324,0.1829980048171367,0.4815335354708666,0.6913583368920926,0.3755004697562392
2021-04-01,South End,3140.05869,8307,24.518166524010507,9.267904400696557,33881,0.6987660846217608,0.312138553717519,0.8012864489854759,0.8825968320899555,0.7463735827296644
2021-04-01,West Roxbury,2224.85022,6976,26.974981632574146,8.603109779204205,25861,0.4171507414571245,0.4585698512480427,0.5887685617573916,0.5965475568757483,0.5327960371189094
