Town,date,population,cum.covid.cases,cum.fullvax.indiv,SVI_SES,age65up.pct,SVI_overall,blacklatinx.pct,VIRratio,vaccine_prev,cumulative_incidence
Abington,2021-04-15,18224.238036758736,1618,4528,0.42780821175687883,0.142312743215455,0.34334214228009313,0.03674219228413962,2.7985166872682323,24.8460319211531,8.878286141436774
Acton,2021-04-15,23727.78039796299,889,6303,0.14587228169570804,0.15985110166086577,0.33909172238874796,0.04711239732731838,7.089988751406074,26.56379945484116,3.7466631311048375
Acushnet,2021-04-15,10449.281569213577,1249,2799,0.6490189376443417,0.19641777688798018,0.662546470842956,0.03443670704950873,2.2409927942353884,26.78653055198182,11.952974869390957
Adams,2021-04-15,8227.435205683578,304,2184,0.676132616361072,0.21743343556287725,0.5196306241184767,0.017298087464977463,7.184210526315789,26.545332116274526,3.69495465354737
Agawam,2021-04-15,28496.16459891718,2502,7220,0.4718281989624385,0.23055070400476468,0.4227385500857213,0.07204981909268021,2.885691446842526,25.33674303760286,8.78012895846016
Amesbury,2021-04-15,16598.02631436651,1033,5175,0.37007689607549776,0.16728279972442145,0.41872763839337096,0.03498676487512947,5.009680542110358,31.17840580551888,6.223631535671692
Amherst,2021-04-15,41492.78186665725,2614,6346,0.7371192930377893,0.10247703397919088,0.5353010584903818,0.12819111671570688,2.42769701606733,15.294226403989354,6.299890926572356
Andover,2021-04-15,36064.04977803766,2642,10419,0.12100089303266029,0.16744722074576085,0.22199195708949984,0.07116178494200905,3.9436033308099923,28.890266246096903,7.325855017006241
Arlington,2021-04-15,45827.14312901441,1804,13232,0.19773934534302132,0.18113491839248558,0.3927953494704559,0.07694863446076151,7.334811529933481,28.873717837371498,3.936531664043091
Ashburnham,2021-04-15,6286.517786211136,386,1440,0.5219787947773686,0.14928344546813135,0.5204444526280549,0.02238925315848393,3.7305699481865284,22.906162822898548,6.140124201138083
Ashby,2021-04-15,3488.025773945333,156,681,0.5058,0.16170677789027685,0.17980000000000002,0.034836702954898914,4.365384615384615,19.5239383001954,4.472444015903792
Ashfield,2021-04-15,1695.371578239734,29,492,0.1597,0.29346034031993873,0.186,0.027066569129480616,16.96551724137931,29.020186861386016,1.71053946947194
Ashland,2021-04-15,19700.45080441501,1485,5082,0.1320693218024579,0.14336551579181273,0.17364379267182523,0.0959262630860264,3.422222222222222,25.796364004325667,7.537898572692566
Athol,2021-04-15,13694.611878222946,741,2966,0.7489480561997,0.17209556646615526,0.6275264220433775,0.0475229769110065,4.002699055330634,21.658153048619855,5.410887191175763
Attleboro,2021-04-15,46517.43530140157,4030,9136,0.5322648656013391,0.15398428801254374,0.5106474278373591,0.10076771123282752,2.266997518610422,19.639947776150787,8.663418294427284
Auburn,2021-04-15,16484.12620219078,1533,4784,0.3598584981662959,0.21063847326108845,0.31426935609932066,0.05800954740467702,3.1206784083496415,29.021859826359467,9.299856002050388
Avon,2021-04-15,4376.191124703058,494,1206,0.5915,0.18836669750291035,0.536,0.18362338241856313,2.4412955465587043,27.558211367695506,11.288355236850398
Ayer,2021-04-15,8098.2221370774805,826,1993,0.2968,0.13140019531240588,0.407,0.09404792579232156,2.4128329297820823,24.610339976661123,10.199769603974957
Barnstable,2021-04-15,44772.52044782965,3989,14989,0.3941237899801868,0.2642204673675252,0.3018825298966884,0.10010286889930278,3.757583354224116,33.47812419331106,8.90948278118072
Barre,2021-04-15,5560.128820098063,303,1344,0.5147,0.17261371955660443,0.4612,0.03682975266293555,4.435643564356436,24.17210182508498,5.449514027530319
Becket,2021-04-15,2240.545590058507,67,545,0.5072,0.24156061107173366,0.2533,0.07119067443796837,8.134328358208956,24.324432514036392,2.990343079707226
Bedford,2021-04-15,14994.70008928878,825,3967,0.20637953305033355,0.20529941196637383,0.3928912431776834,0.08216457738612387,4.808484848484848,26.456014300904634,5.501943987458111
Belchertown,2021-04-15,16054.358189729372,835,4264,0.3436973742232912,0.17354758572368117,0.29143101489944545,0.01957640141644952,5.106586826347306,26.559766199360464,5.2010799194338615
Bellingham,2021-04-15,18017.12466207391,1117,3585,0.34498302773859896,0.14852058318576797,0.14919670897978374,0.042548189938881056,3.209489704565801,19.89773655474801,6.199657386793175
Belmont,2021-04-15,27408.59169370931,1093,7663,0.21595174903044964,0.1707759635168723,0.29743628230234614,0.06457188952483386,7.010978956999085,27.95838650024027,3.9878006583273673
Berkley,2021-04-15,6815.0684702353265,670,1512,0.11169999999999998,0.14148359147591236,0.0851,0.0016469531366971103,2.256716417910448,22.18613072786619,9.831155811951287
Berlin,2021-04-15,3227.210500774567,187,901,0.1953,0.2553224525588141,0.1908,0.012404580152671756,4.818181818181818,27.91884817503382,5.794477923120226
Bernardston,2021-04-15,2072.544992658636,49,832,0.4126,0.24744371356333175,0.5024,0.0016012810248198558,16.979591836734695,40.143881215949875,2.36424300430474
Beverly,2021-04-15,41070.9163256869,3450,12726,0.37422065131437066,0.18079716622327127,0.36422173204572145,0.061608875895617164,3.6886956521739127,30.985429930719135,8.400104766696607
Billerica,2021-04-15,43672.59785608792,3672,10717,0.36084046245043777,0.1583527935374717,0.32413292636647956,0.07278151668632485,2.9185729847494555,24.539414933169724,8.40801825460476
Blackstone,2021-04-15,9025.967201213967,597,1710,0.44769842093878437,0.15071984467044242,0.26102749296993294,0.04650659744754489,2.864321608040201,18.945338066041387,6.614249605512694
Blandford,2021-04-15,1208.9750880147321,54,290,0.5284,0.22226583092429658,0.3157,0.01670843776106934,5.370370370370371,23.987260190465246,4.466593276845252
Bolton,2021-04-15,5055.242996688051,209,1506,0.0178,0.14991667710321233,0.011,0.021772345301757066,7.205741626794257,29.79085280344897,4.13432153779604
Bourne,2021-04-15,21025.530283323522,1196,7058,0.3397455951438903,0.24221966813852733,0.32920538899962937,0.05141013048968711,5.90133779264214,33.56871339220433,5.6883226433942164
Boxborough,2021-04-15,5073.115215442103,192,1388,0.3345,0.1512536343563481,0.2485,0.0443562305833621,7.229166666666667,27.35991478717167,3.7846568005309518
Boxford,2021-04-15,7640.484321852841,517,2484,0.0973,0.19862791288455167,0.0199,0.011487303506650543,4.804642166344294,32.51102803647429,6.766586753163128
Boylston,2021-04-15,4489.388872138246,294,1539,0.1453,0.17984153473619527,0.1084,0.021829294913774284,5.23469387755102,34.280835183408634,6.54877553211315
Braintree,2021-04-15,39657.35371788319,3924,11408,0.36159432096110944,0.17628089770943353,0.49260792861558306,0.050958153035719086,2.9072375127421,28.766417651452237,9.894760068749875
Brewster,2021-04-15,9926.467399312725,486,3825,0.24902410161090457,0.39697917897424356,0.3036714064436183,0.025887649646986595,7.870370370370371,38.53334571234103,4.896001572862154
Bridgewater,2021-04-15,28615.42542080018,2743,7147,0.5266954047545058,0.14105654507629925,0.38398384866376634,0.1267292039274373,2.605541378053226,24.976039653091924,9.58573901894937
Brimfield,2021-04-15,3727.235778709618,193,850,0.5113,0.20565232363602232,0.464,0.062316127306766514,4.404145077720207,22.805104116441836,5.178100111145029
Brockton,2021-04-15,99226.36287271098,13133,19344,0.8017514271668663,0.1356418680441849,0.8228599020903105,0.5191981221050866,1.4729307850453057,19.49481915891119,13.235393921318273
Brookfield,2021-04-15,3688.3663500984558,196,746,0.5209,0.21313526868380647,0.4426999999999999,0.012532789274264064,3.806122448979592,20.225756586790425,5.314005752025366
Brookline,2021-04-15,64727.38068970686,2169,16654,0.21309575711478737,0.1511500891129721,0.4427995816695189,0.1086242620899957,7.678192715537113,25.72945146635351,3.3509775567743945
Buckland,2021-04-15,1838.085363627768,39,34,0.6915999999999999,0.2584922090121888,0.6307,0,0.8717948717948718,1.8497508697254044,2.1217730564497286
Burlington,2021-04-15,27818.81616891584,1916,7699,0.25437577146236007,0.18687011539955323,0.392104416275546,0.07169518459662219,4.018267223382046,27.67551269346501,6.887424642249508
Cambridge,2021-04-15,111989.02408753097,5407,26392,0.41906871150801794,0.11625206831528154,0.44386702062197264,0.19507561036695426,4.881080081375994,23.56659522219957,4.8281517265244425
Canton,2021-04-15,23172.88955919756,1925,7490,0.22909119045560647,0.19519530910074437,0.4131867727154837,0.10491052131062506,3.89090909090909,32.32225303998457,8.30712110840725
Carlisle,2021-04-15,4723.001955966722,184,1596,0.1213,0.19940490143707298,0.0288,0.01619745468569225,8.673913043478262,33.79206730972706,3.8958273088908384
Carver,2021-04-15,12248.318777158061,706,2825,0.5535696166709545,0.21878061388613876,0.4290752937140897,0.03601749421147415,4.001416430594901,23.064389908502005,5.764056380673421
Charlemont,2021-04-15,1458.485760450731,16,414,0.6759492591254066,0.2756799524315544,0.6340692567160584,0.01680672268907563,25.875,28.385604523972678,1.0970281941631952
Charlton,2021-04-15,14163.67111707454,923,3514,0.43973224299065417,0.18545311622782482,0.2750642857142857,0.04947337190327845,3.8071505958829905,24.80995196057479,6.516672071602313
Chatham,2021-04-15,5829.534479031832,315,2683,0.2799883671811535,0.45588235699544066,0.20552719740048742,0.04847782925215089,8.51746031746032,46.02425819163509,5.403518945346646
Chelmsford,2021-04-15,35973.24068171948,2800,10876,0.19307283372365341,0.19676519519548125,0.2336574639658128,0.04451918143989055,3.8842857142857143,30.233584169487564,7.783563412519785
Chelsea,2021-04-15,36918.336746757734,8490,7991,0.8140808491418248,0.09649512008532571,0.8885439250225836,0.7269464384318056,0.9412249705535923,21.6450704559484,22.99670231147565
Cheshire,2021-04-15,2936.11934722929,110,984,0.6169,0.22888516532327763,0.3198,0.03413078149920255,8.945454545454545,33.51362406056707,3.746441714087782
Chester,2021-04-15,1357.728789640582,64,210,0.4826466134682756,0.20209903237320379,0.3243361813935383,0.010359116022099447,3.2812500000000004,15.467006489240847,4.713754358625781
Chesterfield,2021-04-15,1223.6436165163173,31,223,0.6662,0.2243515581386186,0.208,0.035422343324250684,7.193548387096775,18.22426047829804,2.533417375906902
Chicopee,2021-04-15,56710.29208349057,5475,11172,0.7401367356734423,0.18392039061226279,0.6913100400684502,0.24757011192756148,2.0405479452054793,19.700127771432125,9.65433221881408
Chilmark,2021-04-15,1019.4190700301621,18,574,0.1241,0.2973906998795619,0.15310000000000001,0.08475734791524266,31.888888888888886,56.30657860687428,1.7657115242573818
Clinton,2021-04-15,14079.612802201531,1515,3050,0.45944845672350526,0.14737746785581873,0.4861303115332039,0.18030074106050795,2.0132013201320134,21.662527534301887,10.760239086710609
Cohasset,2021-04-15,7354.942744302734,404,2351,0.1878,0.19384236458385626,0.1833,0.015031364658539471,5.819306930693069,31.96489873182392,5.492904758680078
Colrain,2021-04-15,1582.42316470797,41,437,0.6628,0.23005257405482513,0.6369,0.012721238938053098,10.658536585365853,27.61587480177255,2.5909630820885
Concord,2021-04-15,18730.95883131271,1054,6575,0.19098926534206195,0.25849904003775365,0.4159401707438459,0.11095607235142119,6.238140417457306,35.10231408446916,5.627047763502736
Conway,2021-04-15,1931.62596058402,28,596,0.1597,0.2422585079147938,0.186,0.02505446623093682,21.28571428571429,30.854834847001207,1.4495559995235465
Cummington,2021-04-15,784.0715634152399,25,261,0.379,0.21091063076282196,0.34389999999999993,0.031446540880503145,10.44,33.28777782261896,3.1884844657681
Dalton,2021-04-15,6466.012552835652,270,1986,0.4212406789638932,0.2343348487544219,0.3522169740973312,0.040548510763786495,7.355555555555556,30.71444702236226,4.175680108780368
Danvers,2021-04-15,28666.87191194657,2911,9956,0.34944018674676997,0.21179113503509017,0.454587333067931,0.0551771861456095,3.420130539333562,34.72998390121162,10.154578458861694
Dartmouth,2021-04-15,37104.37335089387,3628,10073,0.6108826059927888,0.19581005928339337,0.5015555016784782,0.04910265613783202,2.7764608599779494,27.147743218138288,9.777823130686558
Dedham,2021-04-15,27391.50822353906,2333,8197,0.28445486464121056,0.2107093550632283,0.41123478740591873,0.1682570977917981,3.5135019288469778,29.925332818861936,8.517238192802843
Deerfield,2021-04-15,5307.884977014866,181,2143,0.4221959694415174,0.22427856629561244,0.3496264488935722,0.05236291783303145,11.839779005524862,40.3738967456905,3.4100211437097436
Dennis,2021-04-15,13087.712635498261,776,5389,0.5355749778444338,0.3964530576175783,0.46373121548844504,0.06780998851894374,6.944587628865978,41.176026323982896,5.929225538580577
Dighton,2021-04-15,7927.26121961898,698,1863,0.3566520819501091,0.14997958817076273,0.2572654367826994,0.03532293412401702,2.6690544412607453,23.501180904563963,8.805058653454452
Douglas,2021-04-15,9485.976121531816,476,1753,0.32060184506280426,0.12637487900471892,0.1872475329046217,0.07903115760745963,3.6827731092436973,18.479911582540666,5.017933778259759
Dover,2021-04-15,5133.820521998334,236,1736,0.0014,0.19250264379116871,0.0309,0.0534491398029063,7.355932203389831,33.81497254454591,4.5969663136594665
Dracut,2021-04-15,32414.52451295634,3558,8529,0.535215793513721,0.16044764842475,0.41074265016311645,0.09388765634545514,2.3971332209106238,26.312278610136303,10.976560827162032
Dudley,2021-04-15,12469.68959536562,974,2292,0.6319807053586715,0.141904482747933,0.4950816812189694,0.04682417394281801,2.353182751540041,18.380569800645443,7.810940220693133
Dunstable,2021-04-15,3330.261206654991,169,829,0.0946,0.1472513164748296,0.0021,0.013452914798206279,4.905325443786983,24.892942281625746,5.074677015192703
Duxbury,2021-04-15,15120.38462898593,927,5231,0.14031599057504937,0.23531685018250942,0.11135474113226772,0.012545373495510413,5.642934196332254,34.59568078692998,6.130796423147409
East Bridgewater,2021-04-15,14878.57053701697,1173,3726,0.48246755178645906,0.17526079516162502,0.3966290351730849,0.05401084387599055,3.176470588235294,25.042728336905352,7.883821883840574
East Brookfield,2021-04-15,2244.2586476452448,168,515,0.4825,0.17236767439420927,0.3253,0.026864289022695692,3.0654761904761907,22.947444161142307,7.485768192372635
East Longmeadow,2021-04-15,17005.43950312592,1517,5088,0.3271618703703704,0.23791093606350777,0.44385202469135804,0.08271604938271605,3.3539881344759395,29.919838290946437,8.920675056479116
Eastham,2021-04-15,4602.61502950431,167,2133,0.4302356631923156,0.44546249611251243,0.17628726752503576,0.03392601675863478,12.77245508982036,46.34321980714774,3.6283721086702636
Easthampton,2021-04-15,17905.39164272467,896,5186,0.45365714365755266,0.2124269469424963,0.39007504482294936,0.06465710443747198,5.787946428571428,28.96334301689055,5.004079317997288
Easton,2021-04-15,23741.06723468137,2028,6632,0.27831804800261684,0.17151628071387712,0.29017073639448826,0.07253353081543652,3.270216962524655,27.93471723255919,8.542160215263877
Edgartown,2021-04-15,4086.1741400713,355,1546,0.2844,0.22681056446780862,0.2086,0.08221086855550395,4.354929577464789,37.83490245408444,8.687833357826634
Egremont,2021-04-15,1204.905117118326,16,222,0.4557519111783308,0.3659580304100217,0.45612348411934556,0.10770311402481854,13.875,18.42468729246826,1.3279053904481628
Erving,2021-04-15,2112.6874094155883,69,668,0.6943,0.19193058951744713,0.5841,0.05140507196710076,9.681159420289855,31.61849675550356,3.2659824492960263
Essex,2021-04-15,3727.915848075581,174,1068,0.2193,0.19292458399555767,0.081,0.00538647993536224,6.137931034482758,28.64871535529219,4.667487333165582
Everett,2021-04-15,48551.911070702,8290,9746,0.7616544733838755,0.11167357052682489,0.7946761799951089,0.4404333713483639,1.1756332931242461,20.07336021399391,17.07450812374405
Fairhaven,2021-04-15,16012.74212230032,1911,4899,0.6101067515287658,0.23841648795263465,0.518450742543367,0.02346187445401223,2.563579277864992,30.59438516265964,11.93424577379926
Fall River,2021-04-15,89317.12016477407,13490,18191,0.857627659348904,0.16794360413063608,0.7909471106798017,0.15736742679800297,1.3484803558191252,20.366756078163814,15.103487411051061
Falmouth,2021-04-15,31190.33746708904,1463,11875,0.3298955713832376,0.32429824666468443,0.2708718962659991,0.05425685425685426,8.116883116883116,38.07268841682168,4.690555212952431
Fitchburg,2021-04-15,42123.25808542469,4489,7342,0.7811281100451843,0.13956491260251735,0.7675924232644067,0.3000466406460957,1.6355535754065493,17.429800859920775,10.656820493078774
Florida,2021-04-15,783.9129189370913,11,0,0.7498,0.20263548229800948,0.6706,0,0,0,1.4032170837182931
Foxborough,2021-04-15,18209.4611585974,1300,4950,0.38854105503279157,0.16243127266602467,0.3414833076703735,0.08896492728828058,3.807692307692308,27.183670932859595,7.139145901559085
Framingham,2021-04-15,74397.76748771562,7909,18925,0.4535466182355909,0.15581564358890765,0.5431750443038718,0.21893779890963344,2.3928435959034013,25.437591259878666,10.630695338144273
Franklin,2021-04-15,33920.0551131428,1834,8327,0.22967507419296226,0.1332519258953054,0.1620663315365514,0.03225122645509054,4.540348964013086,24.548898792247503,5.406830837634432
Freetown,2021-04-15,9049.175186549714,938,2585,0.48879486421837626,0.1889139720469372,0.23614045307443365,0.027996973300183765,2.7558635394456292,28.5661394183442,10.365585599383698
Gardner,2021-04-15,19873.65385974172,2222,5358,0.6087291226563618,0.1753472760882401,0.5772364076141405,0.11243006567745074,2.4113411341134112,26.9603165971093,11.180631481667948
Georgetown,2021-04-15,8985.775762843627,540,2580,0.09150506416926812,0.16330009523057856,0.09968745519713261,0.045091918140825527,4.777777777777778,28.712045215599023,6.009497835823051
Gill,2021-04-15,1671.638546842397,39,462,0.4126,0.24828290803681383,0.5024,0.04477611940298507,11.846153846153845,27.637553636979966,2.3330402420827245
Gloucester,2021-04-15,28406.39554639557,1921,9582,0.5188062198409266,0.25032591824061895,0.3608929248893474,0.03654031748144697,4.988027069234774,33.73184036795489,6.762561609981354
Goshen,2021-04-15,1156.5421476148204,27,140,0.4332,0.19637640692328281,0.2876,0.058161350844277676,5.185185185185186,12.105049546938448,2.3345452697667004
Gosnold,2021-04-15,44.67095420262379,5,0,0.1241,0.3324434305437122,0.15310000000000001,0,0,0,11.192955443307545
Grafton,2021-04-15,20124.90225393866,1125,4715,0.3141106388290026,0.13936361679744527,0.45239594689662993,0.12029797125950972,4.191111111111111,23.428685220457275,5.5900892625693395
Granby,2021-04-15,6112.411366441794,365,1517,0.2947,0.18514255098588372,0.09879999999999999,0.057160903205431865,4.156164383561643,24.818355785551265,5.971456731526837
Granville,2021-04-15,1964.145679573362,75,320,0.5284,0.2135629101248758,0.3157,0.020192748967416244,4.266666666666667,16.29207055912004,3.81845403729376
Great Barrington,2021-04-15,7182.358609399825,428,3208,0.4955285859862226,0.2585198462667308,0.5313805282680472,0.11030778764718034,7.495327102803739,44.66499341597298,5.959045256245771
Greenfield,2021-04-15,17760.13142899565,754,5181,0.57049095742243,0.22428214409974823,0.5964984371419405,0.09473268221080562,6.871352785145889,29.172081415689107,4.245464077867127
Groton,2021-04-15,11689.851587155461,499,2999,0.17306393239536325,0.1562874848915081,0.13722993540394657,0.017432085656136624,6.01002004008016,25.65473117978018,4.268659839516609
Groveland,2021-04-15,6846.107777476423,461,2112,0.16719999999999996,0.21883610028997846,0.07690000000000001,0.058379019113942804,4.5813449023861175,30.849645793606168,6.733753177486952
Hadley,2021-04-15,5803.76089610742,296,1596,0.2221,0.24174064737571269,0.4928,0.10376647834274953,5.391891891891892,27.499409926939556,5.100141189457461
Halifax,2021-04-15,7644.330144987217,505,1987,0.414,0.17970427971580907,0.2052,0.04486196319018405,3.9346534653465346,25.99312120634898,6.606203426877824
Hamilton,2021-04-15,7375.13688387124,408,2406,0.22857890274314216,0.1715516228696982,0.2823136159600998,0.014463840399002495,5.897058823529411,32.62312331126633,5.532100711137433
Hampden,2021-04-15,4897.54383264303,432,1504,0.525,0.2626695353887549,0.2979,0.04161047967636294,3.4814814814814814,30.709270838487722,8.820748006799665
Hanover,2021-04-15,14379.45080263287,1301,4493,0.15738032228936585,0.17933383393432992,0.13900828644856567,0.01097450857817601,3.4534973097617216,31.245977761385255,9.047633444816874
Hanson,2021-04-15,10764.140179352005,865,2850,0.283950220067615,0.1540467352417429,0.07980015309051477,0.022778402699662543,3.2947976878612715,26.476801235522075,8.035941427623367
Hardwick,2021-04-15,3341.075691392579,86,510,0.7347,0.15561743159383992,0.6596,0.052700922266139656,5.930232558139535,15.264544928266178,2.5740213016291986
Harvard,2021-04-15,6951.466173803588,134,1640,0.3981220401442684,0.1394379306717828,0.41550423004547593,0.16585074626865673,12.238805970149254,23.59214529706403,1.9276508962235241
Harwich,2021-04-15,12588.64008013327,716,5028,0.35931219271561293,0.34822972378549183,0.32599626188714403,0.04594506213211249,7.022346368715083,39.94077174336667,5.687667575228826
Hatfield,2021-04-15,3234.755551985649,164,1076,0.2385,0.2664060599579328,0.41870000000000007,0.0212636695018226,6.560975609756098,33.26371908812396,5.0699348796025365
Haverhill,2021-04-15,65938.69449420393,7725,15953,0.606178614284435,0.1533620022063735,0.6140824470058464,0.22746523388116308,2.0651132686084144,24.19368494079343,11.71542757899011
Heath,2021-04-15,588.1873123593107,7,40,0.6628,0.34710501584597675,0.6369,0.0117096018735363,5.714285714285714,6.80055471437386,1.1900970750154254
Hingham,2021-04-15,24005.03747181714,1863,7720,0.07868490857584343,0.25394236871096215,0.13406525452828572,0.014893982316078634,4.143853998926463,32.15991647196379,7.760871034620276
Hinsdale,2021-04-15,2961.135536779775,69,743,0.47074960629921264,0.24091576606920465,0.21431512816217124,0.0125,10.768115942028986,25.091725480692112,2.330187157695499
Holbrook,2021-04-15,11334.796958320825,999,2949,0.4624469554186299,0.1569140211976043,0.4841833725987677,0.14634601043997017,2.9519519519519517,26.017228282462987,8.813567668423373
Holden,2021-04-15,18997.19574085924,1398,6000,0.2412512333852233,0.17728321707694325,0.23781759070769967,0.051591307581956326,4.291845493562231,31.58360887494136,7.358980867861336
Holland,2021-04-15,2565.267343166814,126,486,0.6134,0.17843290152490623,0.4262,0.03781016148089799,3.857142857142857,18.945393792759027,4.911768761085674
Holliston,2021-04-15,13726.140611803115,752,4189,0.06459356976903104,0.17690109283933467,0.06383307366406997,0.05029383627169605,5.570478723404254,30.518410953752554,5.478597526192868
Holyoke,2021-04-15,40638.34149671482,5323,8903,0.7802232390529027,0.16192883579848813,0.8052782370715276,0.5541906082821478,1.672553071576179,21.90788224150268,13.098467614457908
Hopedale,2021-04-15,5633.488665463696,365,1485,0.40230000000000005,0.16558583326038762,0.3988,0.028398588472525625,4.068493150684931,26.360219895423697,6.479111287427373
Hopkinton,2021-04-15,16381.701767309592,840,4515,0.10094472581208523,0.12631161857222192,0.11212832110839446,0.04366049598323437,5.375,27.561239144335307,5.127672398946103
Hubbardston,2021-04-15,4679.754178935772,160,1200,0.3304,0.16568077779737292,0.0796,0.06527358897027144,7.500000000000001,25.642372528911196,3.4189830038548257
Hudson,2021-04-15,21060.36567093143,1564,5231,0.4282959482585062,0.18027709726954824,0.4249634336621704,0.07680692570968391,3.34462915601023,24.838125233599754,7.4262718152074205
Hull,2021-04-15,9795.297749982656,549,3188,0.33189378357636223,0.23296524254094916,0.18539641212586339,0.02714888718342287,5.806921675774135,32.546228622868,5.604730085933039
Huntington,2021-04-15,2200.039693639714,92,521,0.5165871313087175,0.17024780874590523,0.3509173913043478,0.028488852188274155,5.663043478260869,23.681390908818788,4.181742732459364
Ipswich,2021-04-15,13408.004229372109,728,5037,0.2900247248399396,0.2456923640716772,0.2967161571109992,0.04611179051866772,6.918956043956044,37.56711225497488,5.429592559384894
Kingston,2021-04-15,13670.42462951537,1048,3755,0.3805737613033406,0.2003157348963365,0.4395180255586279,0.02951946790224946,3.5830152671755724,27.468056785103087,7.666184689956867
Lakeville,2021-04-15,11367.966147883271,958,2855,0.28859567466590025,0.1721262394329945,0.2768425707716626,0.028584031760035288,2.980167014613779,25.114430874089155,8.427189063880004
Lancaster,2021-04-15,8589.008557509,522,1799,0.5456,0.15578267488488387,0.4804,0.12283973641675991,3.446360153256705,20.94537440444406,6.077534985614118
Lanesborough,2021-04-15,3840.937481322335,103,921,0.4727820694542877,0.24883582824585176,0.41674514528703044,0.031541218637992835,8.941747572815533,23.97852098553095,2.6816369831809856
Lawrence,2021-04-15,87731.0665848435,19229,16112,0.9168210101216645,0.10319128620104703,0.908547656681321,0.8240377750779675,0.8379010868999948,18.365216139733473,21.918119485534692
Lee,2021-04-15,5830.150208833905,325,2030,0.5762161610093121,0.25124075730387546,0.6365734154400722,0.03070175438596491,6.246153846153845,34.81899997917931,5.574470440016393
Leicester,2021-04-15,11263.703785564045,1049,2637,0.5067919111136501,0.18524898366628212,0.4610422267287424,0.06659684035960547,2.5138226882745474,23.411482139468824,9.313100024384829
Lenox,2021-04-15,4832.7731345598395,226,2138,0.43653973107569716,0.35957117082772,0.5725347410358566,0.06433224755700326,9.460176991150444,44.239610270775216,4.676404079137137
Leominster,2021-04-15,40376.57764146666,4756,9225,0.6438921546894523,0.17925699935589937,0.6993952823344484,0.24125159335241347,1.9396551724137931,22.84740445789032,11.77910629829012
Leverett,2021-04-15,2026.16023066546,33,622,0.3975,0.3046443163337854,0.3747,0.020171457387796268,18.848484848484848,30.69846059488168,1.628696462429414
Lexington,2021-04-15,34080.22473257188,1137,10370,0.08594523526658747,0.21660422065103327,0.28871288476077334,0.029360812425328554,9.120492524186457,30.42820310421534,3.3362456055441503
Lincoln,2021-04-15,8696.812222221744,179,2248,0.06129788802013121,0.104281530564104,0.21645894670621013,0.061780104712041886,12.558659217877096,25.848551659606965,2.0582254212943267
Littleton,2021-04-15,9756.422203151573,551,2676,0.20477043784599902,0.182605077551892,0.24952448917966788,0.01509813789632612,4.856624319419238,27.428087307820523,5.647562072723882
Longmeadow,2021-04-15,15406.425291514119,1049,5371,0.3593305907557663,0.22990713648568656,0.4323373552739539,0.05723380352015978,5.120114394661583,34.86207798611372,6.808847478576297
Lowell,2021-04-15,116142.92579965523,16567,21823,0.8177169249328604,0.11822524717729213,0.8027664675216498,0.25466809171823496,1.3172571980443049,18.789779790500834,14.264321211072142
Ludlow,2021-04-15,20714.09553397346,2128,5244,0.6094586098612673,0.20239395907680768,0.5473232470941133,0.1016591676040495,2.4642857142857144,25.316094499029642,10.273197767722174
Lunenburg,2021-04-15,10418.39243246318,713,2704,0.42838723272114276,0.19613284451182553,0.3741587791677757,0.07976222163073374,3.7924263674614305,25.954100092970904,6.843666185757491
Lynn,2021-04-15,100824.30640657622,16636,24618,0.7569042136902399,0.12652544240546792,0.7821289551787368,0.5267805597724988,1.4798028372204857,24.416731319457213,16.499989529226184
Lynnfield,2021-04-15,11593.28972079473,1165,4443,0.30440407371483996,0.19964089009961958,0.24240393993110138,0.03671017502224859,3.8137339055793995,38.32389345045566,10.048916468552967
Malden,2021-04-15,67654.36094297103,6836,15133,0.7108093869174337,0.12441941607080052,0.7453886480939764,0.2566091860351403,2.2137214745465186,22.36810722779024,10.10430060194106
Manchester,2021-04-15,4899.335127878359,221,1726,0.2207,0.24932720361748284,0.1784,0.01638733705772812,7.809954751131222,35.22926999173128,4.510816146102324
Mansfield,2021-04-15,23630.58733004563,1764,5800,0.22297835528807708,0.13009061973183653,0.2582072892555027,0.06944152182147216,3.2879818594104306,24.544459767301095,7.464901211986057
Marblehead,2021-04-15,19036.1847708721,1292,7230,0.18775244533385396,0.2302968083349376,0.14663857868020305,0.058473252635689185,5.5959752321981435,37.98029955594287,6.787074277493525
Marion,2021-04-15,4597.525155469916,410,1813,0.2721,0.26999452489049974,0.394,0.033529411764705884,4.421951219512195,39.43425949160885,8.917841363243038
Marlborough,2021-04-15,43615.198490032926,4621,9123,0.4580962691069992,0.1481440590068394,0.616249253318584,0.16992658889782783,1.974247998268773,20.917020478732464,10.594930574616104
Marshfield,2021-04-15,25917.39366938548,1785,8725,0.3585409315972859,0.20166199336062926,0.23841669723088207,0.02018966044661976,4.8879551820728295,33.66465050961614,6.887266608557571
Mashpee,2021-04-15,15535.19398636766,805,5220,0.375647169384058,0.3007689913939971,0.29086308876811595,0.03857882419686547,6.484472049689442,33.60112531958481,5.181782736066239
Mattapoisett,2021-04-15,5732.218563533144,425,2487,0.1234,0.27185247033203663,0.0165,0.02256116936765173,5.851764705882353,43.38634286943689,7.4142322957421305
Maynard,2021-04-15,10406.375954216948,603,3038,0.15172932075471698,0.1598367986733802,0.13872273584905662,0.04358490566037736,5.038142620232172,29.193640642676563,5.794524459359437
Medfield,2021-04-15,11260.317120238175,558,3648,0.06400275337307813,0.16420897612721708,0.0796255177282711,0.02980859742704738,6.537634408602151,32.39695615182496,4.955455464012699
Medford,2021-04-15,60760.90344481438,5129,16283,0.40143457460686416,0.15737332010080665,0.3907115972106923,0.14535146254578296,3.1746929225969973,26.798482374095883,8.441283307543928
Medway,2021-04-15,13066.733976570305,707,3653,0.2424045983086681,0.14773241023708145,0.12567690274841437,0.03971609785563274,5.166902404526167,27.9564886416921,5.41068641381777
Melrose,2021-04-15,28989.03476233876,1993,9079,0.16339598804950917,0.18721645194393513,0.23810656565656566,0.06377151799687011,4.555444054189664,31.31873853142232,6.875013315687266
Mendon,2021-04-15,5774.385097804711,290,1391,0.26886623301947815,0.16393652048299015,0.1297789333716668,0.011041529334212262,4.796551724137931,24.0891450161304,5.02217976612352
Merrimac,2021-04-15,6352.715273345077,373,2105,0.4736,0.19196767644756532,0.43450000000000005,0.04064921772188917,5.64343163538874,33.135437516493546,5.871505080119759
Methuen,2021-04-15,53837.27733506242,7185,15063,0.6358299506187649,0.16158442220456679,0.6068451288510366,0.3137807633099422,2.0964509394572026,27.978755140706145,13.34577147221494
Middleborough,2021-04-15,27401.82288135453,2017,5428,0.35648939808202407,0.2265109979949974,0.3811866108957356,0.0424723051138454,2.691125433812593,19.80890112129534,7.360824163900645
Middlefield,2021-04-15,443.66900230521617,8,33,0.379,0.2607423742578884,0.34389999999999993,0,4.125,7.43797737244174,1.803146029682846
Middleton,2021-04-15,10425.370568295206,1318,3139,0.4112,0.17969058646808664,0.523,0.07587687902648532,2.381638846737481,30.109241483905357,12.64223646887138
Milford,2021-04-15,29332.51486237377,2873,7049,0.4870909594801223,0.15875010197584824,0.4845874863477501,0.15664195135472248,2.4535328924469195,24.03135235104608,9.794591474614185
Millbury,2021-04-15,13670.65465083523,1186,3566,0.4657455617044826,0.18180110249255288,0.3382205810736027,0.024284666177549524,3.0067453625632377,26.08507120602399,8.675517232289527
Millis,2021-04-15,7866.259577805428,450,2553,0.0802,0.17552522719160032,0.2073,0.06778834430626676,5.673333333333333,32.45506933439196,5.720635017812919
Millville,2021-04-15,3588.8356725713134,219,466,0.4935,0.1192250049549639,0.4316999999999999,0.015422578655151141,2.1278538812785386,12.98471266214656,6.1022576674036415
Milton,2021-04-15,28747.25981102192,2257,9027,0.30090364039437606,0.1931050782908057,0.34307237034012017,0.1796648287869994,3.9995569339831634,31.401253751980143,7.851183086099389
Monroe,2021-04-15,97.2567011286228,5,0,0.6628,0.2489492511377458,0.6369,0,0,0,5.141033925659743
Monson,2021-04-15,8389.562639443751,512,1923,0.5890959622726252,0.1830089943657812,0.4241113092297327,0.023785020011435107,3.755859375,22.921337889045187,6.102821112423888
Montague,2021-04-15,8452.858663973282,275,2249,0.571312711557789,0.21131010223395327,0.5965098572864321,0.06675106456439175,8.178181818181818,26.606383584590226,3.253337254674216
Monterey,2021-04-15,925.9389395599969,18,294,0.4839288653493583,0.36943970130678555,0.37449706661234466,0.012360939431396786,16.333333333333332,31.75155374065031,1.9439726779989985
Nahant,2021-04-15,3233.69752985808,240,1496,0.0267,0.28840336611774764,0.1421,0.026037195994277538,6.233333333333333,46.26283027978984,7.421844429912809
Nantucket,2021-04-15,11415.7638709039,1406,3627,0.2825074813784072,0.1437250173631602,0.3059024474093477,0.09694291640364325,2.5796586059743953,31.77185548874544,12.316302403412212
Natick,2021-04-15,36015.91217526095,2014,10629,0.10488363495274783,0.16418694117463084,0.23491062273092594,0.05670665212649945,5.277557100297915,29.51195557196238,5.591972765258466
Needham,2021-04-15,29233.89477965058,1688,11029,0.12791935355860237,0.19133790933467734,0.25929084704061583,0.06146087522368635,6.533767772511848,37.72675547726598,5.774119434728894
New Bedford,2021-04-15,99979.82794242726,13653,17454,0.8224512092768064,0.1594675527423136,0.7618810964307428,0.2614065433374818,1.2784003515710831,17.45752154129608,13.655754646689322
New Braintree,2021-04-15,1061.218025419153,31,250,0.7347,0.17479450972837401,0.6596,0.00539291217257319,8.064516129032258,23.55783580864607,2.921171640272113
New Marlborough,2021-04-15,1523.2863267425919,23,224,0.3167,0.30472820223925007,0.2835,0.011363636363636364,9.73913043478261,14.70504895025241,1.5098934189991313
New Salem,2021-04-15,975.1808889414223,16,278,0.3975,0.1879137763214258,0.3747,0.004214963119072708,17.375,28.50753159260272,1.6407212427397249
Newbury,2021-04-15,6604.942487117073,297,2343,0.2618,0.22833107797240498,0.1009,0.03612572891480586,7.888888888888888,35.473435303487,4.496632644103986
Newburyport,2021-04-15,17758.79102104478,972,6764,0.2052437909949972,0.23461911204361952,0.24084038910505837,0.02840466926070039,6.958847736625515,38.08817836745996,5.473345560788155
Newton,2021-04-15,91690.00560508814,4137,32184,0.1509793037472719,0.18950836255639836,0.36064495800021995,0.09482326612709462,7.7795503988397385,35.100881265748356,4.5119421388392045
Norfolk,2021-04-15,12492.720334089478,989,3738,0.2341946629213483,0.13909303914214485,0.08222322097378278,0.12565167447203324,3.7795753286147624,29.921425438460687,7.916610422321461
North Adams,2021-04-15,14549.70902055714,507,3443,0.7897244659362184,0.19143668237425981,0.7434401175246373,0.0556732806780967,6.790927021696253,23.66370348118591,3.4846057696663535
North Andover,2021-04-15,30288.24389784353,2859,9102,0.25857724018438,0.16493365862343853,0.39554672921638495,0.08643630063094576,3.183630640083946,30.051263555256984,9.439305922267602
North Attleborough,2021-04-15,30325.69554160665,2159,6339,0.4136425545198166,0.1384394340999569,0.4817314374286883,0.07246874570682786,2.9360815192218626,20.903065492110265,7.119375042982498
North Brookfield,2021-04-15,4631.762701116407,265,1019,0.5936,0.1758088656439942,0.2649,0.01595298068849706,3.845283018867925,22.0002635228784,5.721363919099877
North Reading,2021-04-15,16655.6931999819,1362,4631,0.12171980565145124,0.15669441304987453,0.13313501470400207,0.027681882112261857,3.4001468428781205,27.80430657791555,8.177384055089824
Northampton,2021-04-15,29199.46342554845,1150,8918,0.6351849897298151,0.19152969876903606,0.5881651366724602,0.10760291234948194,7.754782608695652,30.54165711893555,3.938428536305885
Northborough,2021-04-15,13563.58172867947,1199,4339,0.08370495829162496,0.18961658775569631,0.23319905905905908,0.054387721054387723,3.6188490408673895,31.990075238205083,8.839847939757524
Northbridge,2021-04-15,18220.56744125397,1088,3602,0.4166321268309203,0.15772182438232732,0.3316765197697062,0.08000745990302126,3.3106617647058822,19.768868404419486,5.971273965577013
Northfield,2021-04-15,2949.250650867477,51,918,0.4496,0.22511012157338342,0.37820000000000004,0.03670337003670337,18,31.126550730097637,1.7292528183387577
Norton,2021-04-15,19909.87588164482,1441,4340,0.39752086686360394,0.1602645512928182,0.27372089232963226,0.05806254456554956,3.011797362942401,21.79822730085979,7.237614179847686
Norwell,2021-04-15,10718.897733932798,689,3431,0.19741932995760716,0.2068991983030616,0.26386289448893074,0.01647401474469828,4.979680696661828,32.00888827531667,6.427899744008507
Norwood,2021-04-15,30257.4710589493,2762,8717,0.3673210643471114,0.19384430518525175,0.46282779699325366,0.12893394061847196,3.1560463432295442,28.80941365858717,9.128324024895923
Oak Bluffs,2021-04-15,5208.517782283645,296,1168,0.3087247385971853,0.2508516309247054,0.3460082801107782,0.07736943907156674,3.945945945945946,22.424805843475436,5.682998741154734
Oakham,2021-04-15,2134.1253439660522,83,452,0.4352,0.18621009539269517,0.162,0.035869565217391305,5.445783132530121,21.179636954219593,3.8891811221243944
Orange,2021-04-15,8124.805009288204,330,1764,0.622847246813587,0.19051723858597358,0.5539210209078923,0.016698779704560053,5.345454545454545,21.71129027691632,4.061635936157815
Orleans,2021-04-15,5620.278718637062,284,2848,0.25187544206085627,0.4781784100192201,0.35171079795350507,0.05878332194121668,10.028169014084506,50.67364347173604,5.053130177659072
Otis,2021-04-15,1879.955599332113,55,405,0.5867,0.2446659076669833,0.5038,0.02872260015117158,7.363636363636363,21.543061982095924,2.9256010099142613
Oxford,2021-04-15,13749.35583691354,1017,2909,0.5844175404886083,0.162731815781709,0.4548224814713148,0.059318957380381905,2.8603736479842676,21.157354820871472,7.396710159101508
Palmer,2021-04-15,11814.591960880283,866,2560,0.6202702285519358,0.17793523748185122,0.605219844789357,0.07217635543450507,2.9561200923787525,21.668120308145276,7.32991882298977
Paxton,2021-04-15,4953.164993445251,433,1459,0.15055269423558895,0.16261508741770708,0.21606276106934,0.09958932238193019,3.369515011547344,29.455913581129668,8.741885250602568
Peabody,2021-04-15,55966.9560254124,6552,17119,0.5337438456445663,0.24276394467193602,0.544176642390996,0.13155391522715165,2.6127899877899874,30.587691766239587,11.706907906560067
Pembroke,2021-04-15,18769.558680918588,1303,4919,0.2881174060314685,0.15033048963660867,0.1640370410839161,0.017974213286713288,3.775134305448964,26.207329024740087,6.942091831517856
Pepperell,2021-04-15,12292.136505691622,498,2618,0.32150881403624926,0.16632072582890423,0.270232582967806,0.04063560374079285,5.257028112449799,21.2981689455514,4.0513705633631005
Petersham,2021-04-15,1267.675630417306,44,340,0.6861473265697834,0.23993558886546432,0.5930437345763642,0.027580772261623327,7.727272727272727,26.820741192924523,3.470919448496115
Pittsfield,2021-04-15,43955.52458200279,2718,12980,0.5690375449042044,0.20664723913432112,0.5623749401277275,0.10594749702961419,4.7755702722590145,29.529848917591007,6.183523063020982
Plainfield,2021-04-15,625.9449903437744,17,138,0.379,0.2649799183690872,0.34389999999999993,0.046357615894039736,8.11764705882353,22.046665781957806,2.715893610820889
Plainville,2021-04-15,9210.99508282446,587,2240,0.2248,0.1561197456101122,0.2663,0.015074823943661973,3.816013628620102,24.318762303726324,6.372818514413996
Plymouth,2021-04-15,62728.58762809304,4945,17975,0.335280858235998,0.2140017290592478,0.3059626401038243,0.040045321563255715,3.634984833164813,28.655196425863547,7.883168084889861
Plympton,2021-04-15,3007.079008575241,150,762,0.3797,0.2240961155477604,0.1434,0.0366723259762309,5.08,25.340205489347515,4.988229427036912
Princeton,2021-04-15,3230.252794182819,143,1089,0.0836,0.22256613562020516,0.0261,0.03688643624745861,7.615384615384614,33.71253178578218,4.42689811328453
Provincetown,2021-04-15,2582.831820358779,76,1597,0.5846,0.32617736941522435,0.5854,0.05033783783783784,21.013157894736842,61.83135841102352,2.942506724632303
Quincy,2021-04-15,101530.85427861784,7197,25564,0.5836996851868367,0.16645771851111735,0.5973709676268617,0.08001402450037717,3.552035570376545,25.178553043440427,7.0884856146784845
Randolph,2021-04-15,34437.88450263616,3958,10011,0.7132569668702948,0.1545489371441409,0.7194572938582038,0.49141154475344706,2.5293077311773624,29.06972987621721,11.493156612732765
Raynham,2021-04-15,15123.00269875928,1531,3916,0.5491138546992362,0.17523974752994875,0.5366996780912706,0.03971799525338545,2.557805355976486,25.894328514014457,10.123650907802894
Reading,2021-04-15,27680.06223441157,2010,8052,0.11689760956175299,0.16448886662365195,0.15903009561752987,0.031180134142446504,4.005970149253732,29.089529972190007,7.261544367126417
Rehoboth,2021-04-15,12712.608802080536,944,2640,0.17755782155272307,0.17961446036815454,0.07473383545770568,0.03318986922694918,2.7966101694915255,20.766783915886247,7.425698491135082
Revere,2021-04-15,60849.009238985025,10323,14365,0.7367658165066662,0.15381358225749245,0.7799411540207468,0.3764450867052023,1.3915528431657465,23.607615275347104,16.964943438037462
Richmond,2021-04-15,1304.7898284374692,42,432,0.23495112531258683,0.32933792441683707,0.27032717421505975,0.01282051282051282,10.285714285714285,33.108780478257934,3.218909213163966
Rochester,2021-04-15,5675.633828965876,439,1552,0.4414,0.188471210168035,0.3109,0.02001906577693041,3.5353075170842825,27.344963518951694,7.734818933517908
Rockland,2021-04-15,18091.28595041864,1752,4488,0.42255505611703614,0.165801216462037,0.4356365123680831,0.05388352225138199,2.5616438356164384,24.807523424812956,9.684220374392224
Rockport,2021-04-15,6461.82916759406,282,2807,0.3321329450915142,0.331194238089457,0.18765191347753743,0.01691625069328896,9.953900709219857,43.439712304327806,4.3640893729321135
Rowe,2021-04-15,335.8584627667989,10,124,0.6628,0.3767675898896599,0.6369,0.04873949579831933,12.4,36.92031428313259,2.977444700252628
Rowley,2021-04-15,6179.819505871312,373,1894,0.1179,0.18663147033570193,0.07,0.019530009526833914,5.07774798927614,30.64814430584181,6.035774987370114
Royalston,2021-04-15,1273.8403572737184,71,302,0.7759333851590106,0.20522313165987804,0.6896282685512367,0.002564102564102564,4.253521126760563,23.7078373499127,5.57369686040994
Russell,2021-04-15,1894.7075901247028,121,300,0.5284,0.13339626345031055,0.3157,0.03307086614173228,2.479338842975207,15.833577780741095,6.386209704898908
Rutland,2021-04-15,9116.212937753106,593,2537,0.133,0.13096750973144822,0.1242,0.04064756580479851,4.278246205733558,27.8295386178781,6.504894127079902
Salem,2021-04-15,45021.14720231696,4510,11689,0.5832129624497714,0.15350336576516177,0.6386260657706341,0.23793303209361605,2.5917960088691796,25.96335439315158,10.01751461315028
Salisbury,2021-04-15,8853.202796759819,608,2541,0.5190968400477793,0.20684245324403897,0.5102291128244109,0.044218055706079985,4.1792763157894735,28.701477401262963,6.867571137334861
Sandisfield,2021-04-15,931.6434505257923,34,201,0.5867,0.3191968032728391,0.5038,0.02263374485596708,5.911764705882353,21.574777334243212,3.649464822707807
Sandwich,2021-04-15,21077.95815131039,1147,6489,0.22587634936812068,0.22717178156373585,0.10688201793721973,0.03301056338028169,5.657367044463819,30.785714410371323,5.441703564292789
Saugus,2021-04-15,28486.30887461846,4021,8731,0.5930892685851319,0.1956556228552177,0.6337984096932979,0.08972128528315285,2.1713504103456853,30.649811593454267,14.115552905426595
Savoy,2021-04-15,620.4035675903183,16,168,0.7498,0.2490170052899306,0.6706,0.09874826147426982,10.499999999999998,27.079147957275822,2.578966472121507
Scituate,2021-04-15,18099.24178172824,1173,6193,0.17530188612795927,0.21502201538098192,0.1299667892780278,0.01753421645687902,5.279624893435635,34.21690297685304,6.480934473090363
Seekonk,2021-04-15,14013.20864759793,1268,2900,0.377611939513478,0.19587145654023688,0.28076083497698884,0.018277449046679817,2.2870662460567823,20.694760728458164,9.048605725408605
Sharon,2021-04-15,18279.73897843839,972,5872,0.09620523369565216,0.1779041379597258,0.18682140217391302,0.07177450073461392,6.041152263374485,32.122996980023814,5.317362579118384
Sheffield,2021-04-15,3054.087016272088,105,903,0.3626,0.25705903578802697,0.1805,0.0035549235691432635,8.6,29.566937523025437,3.4380159910494696
Shelburne,2021-04-15,1830.683349836562,32,1279,0.49616936061075984,0.26064097786360685,0.45410169986878207,0.011383320960158377,39.96875,69.86462186998016,1.7479811570284323
Sherborn,2021-04-15,3773.552264254862,151,1230,0.0103,0.18687090217950447,0.0055,0.04371076493838642,8.145695364238412,32.59528194829123,4.001534613164208
Shirley,2021-04-15,8525.688638572674,808,1780,0.645,0.12168289127188618,0.6733,0.17965254014214266,2.202970297029703,20.878078891443053,9.477240305778643
Shrewsbury,2021-04-15,39496.62611090376,2861,10015,0.3297938269522685,0.1567258451892216,0.5185445244922053,0.0822014945726286,3.500524292205523,25.356596211227213,7.2436566909956115
Shutesbury,2021-04-15,1742.3840205001934,34,439,0.3975,0.2198481678998443,0.3747,0.06380208333333333,12.911764705882353,25.19536421563224,1.9513493925546608
Somerset,2021-04-15,18521.11834570715,1960,5329,0.6238298674780799,0.2344180982281727,0.4524839091964608,0.011424177514142913,2.7188775510204084,28.772560600991802,10.582514313744404
Somerville,2021-04-15,75646.31156111367,5484,18409,0.4336686263201187,0.10339467973099271,0.3943876105023306,0.1687314805354041,3.3568563092633115,24.335621420388232,7.24952728933723
South Hadley,2021-04-15,18076.37395851275,998,4640,0.49422636122177954,0.19987661631628947,0.3435509794156707,0.08602150537634409,4.649298597194388,25.66886484341,5.521018774509306
Southampton,2021-04-15,6017.993122079636,399,1781,0.3098,0.2093160061654482,0.2121,0.0021172638436482085,4.463659147869674,29.59458350767507,6.630117248490934
Southborough,2021-04-15,9670.194517859358,475,2987,0.1495518862766539,0.17129937078167912,0.2070854291962821,0.0448679769704189,6.28842105263158,30.888727155213598,4.912000468271328
Southbridge,2021-04-15,16769.94941791705,1786,3060,0.8305769089617615,0.16039074940555936,0.7976409257724637,0.34669113294660825,1.7133258678611423,18.246924446478587,10.650002307650574
Southwick,2021-04-15,9799.85313675314,563,1978,0.42741776498406503,0.2102935441058806,0.399201511257325,0.017888352009869435,3.5133214920071048,20.18397594737165,5.744984053776663
Spencer,2021-04-15,11469.995289915123,836,2843,0.5935869050616973,0.1953461535731933,0.41166926047175356,0.04801477377654663,3.400717703349282,24.786409480914774,7.288581894493405
Springfield,2021-04-15,156244.69787794803,20239,25118,0.8733785944458216,0.128831191884647,0.8596219077209748,0.6337789176446206,1.2410692227876872,16.076065518473566,12.953399555234752
Sterling,2021-04-15,7859.105975385775,686,2340,0.2001,0.22207654416386632,0.14,0.05104321907600596,3.4110787172011663,29.774379011158935,8.728728205835482
Stockbridge,2021-04-15,1706.191122477667,65,705,0.5141,0.3518779095089891,0.4296,0.08348968105065666,10.846153846153847,41.320107150494685,3.809655269194545
Stoneham,2021-04-15,22263.86273364292,2370,7431,0.3117054732658959,0.21785368435910388,0.33202011380057805,0.06353865606936417,3.1354430379746843,33.37695748892225,10.645053054601766
Stoughton,2021-04-15,27679.34614920292,2868,7469,0.44828018896677846,0.19636075356913393,0.45277120334709486,0.18476203827013388,2.604253835425384,26.984018913376985,10.361516433734796
Stow,2021-04-15,7245.131319415531,265,2072,0.0322,0.17949282275170977,0.0226,0.028458720766413075,7.818867924528302,28.598515453369995,3.6576286656095793
Sturbridge,2021-04-15,10569.007528721693,579,2695,0.22339412813253642,0.17645203683440794,0.4684786410821013,0.03690888119953864,4.6545768566493955,25.49908298084027,5.478281649687019
Sudbury,2021-04-15,17809.80618165683,800,5457,0.03260469681908549,0.16986200272705423,0.13693370195493704,0.03004223864836325,6.82125,30.640423283328175,4.491907389896013
Sunderland,2021-04-15,3720.873221108925,202,926,0.4099,0.15734261355162427,0.3693,0.0860890953812517,4.584158415841584,24.886631308658938,5.4288331796426625
Sutton,2021-04-15,8954.39405788115,688,2411,0.07617341502397443,0.17684767373959814,0.03587405434203516,0.039211507725093235,3.504360465116279,26.92532832948059,7.683378635704125
Swampscott,2021-04-15,13616.40866980451,1116,5204,0.3466005739000249,0.22589607941201428,0.5255620061548698,0.04153846153846154,4.663082437275985,38.21859439001924,8.195993723916501
Swansea,2021-04-15,15949.10794891214,1741,4448,0.4743998724334832,0.2148946071300505,0.32850643907180177,0.010076185795035636,2.554853532452613,27.888707094138077,10.915971009643524
Taunton,2021-04-15,57573.24110743497,5848,11523,0.6260116847673491,0.16562844624453874,0.6030009231909612,0.15280025384737428,1.9704172366621064,20.01450635460564,10.157496586108982
Templeton,2021-04-15,9019.601355083903,622,1951,0.5275208869552501,0.17891477339746814,0.5066291349809886,0.024732373569582872,3.1366559485530545,21.630667733450522,6.896091917071361
Tewksbury,2021-04-15,30825.64694295605,3159,9238,0.35407005999612934,0.19103949511595808,0.3247095735758983,0.03190833252182945,2.9243431465653686,29.96855189153125,10.247960102332454
Tisbury,2021-04-15,4174.09368221099,330,2412,0.331070239102022,0.21222374820703963,0.3492536711001768,0.10650743358518157,7.3090909090909095,57.78499917908837,7.905907847885225
Topsfield,2021-04-15,5777.71051430394,407,2294,0.2769,0.2321531128865847,0.3219,0.01663868111738666,5.636363636363636,39.70430838168024,7.044312777394882
Townsend,2021-04-15,9113.799147215503,426,1977,0.3584513167636171,0.1665918844687176,0.2390118455843469,0.03289264939185616,4.640845070422536,21.692380620479483,4.674230725505442
Truro,2021-04-15,1968.130527990182,49,933,0.5517,0.3769703317089811,0.3246,0.030303030303030304,19.040816326530614,47.4053924133153,2.4896722703670413
Tyngsborough,2021-04-15,11979.08838396037,1084,3369,0.4449533680090637,0.14354091146094924,0.3243678030693172,0.04366140137707574,3.1079335793357936,28.124009874666147,9.049102613279342
Tyringham,2021-04-15,241.589879726425,8,33,0.462,0.5001220788578479,0.2169,0.09183673469387756,4.125,13.65951257452051,3.311396987762548
Upton,2021-04-15,9203.201331355536,301,2019,0.2653,0.15085743537599142,0.2375,0.10809069827364082,6.707641196013289,21.938018384116152,3.270601056770164
Uxbridge,2021-04-15,15611.3411572231,836,3239,0.4630010544153643,0.1914340952107252,0.2705659433251742,0.03665973168806944,3.874401913875598,20.74773696493956,5.355081229604653
Wakefield,2021-04-15,27113.42729047539,2392,8452,0.26001169139465874,0.18147799577368728,0.27805251854599405,0.0586160312218553,3.5334448160535117,31.172746659619396,8.822197114269947
Wales,2021-04-15,1911.00314707446,82,291,0.6134,0.17965298525924042,0.4262,0.05461102524471922,3.548780487804878,15.227604436208788,4.2909400816808265
Walpole,2021-04-15,26055.176096997002,1997,7680,0.28906583422080223,0.17638387539616057,0.2454228594249201,0.09072035724078499,3.8457686529794692,29.47590901481246,7.6645039456485
Waltham,2021-04-15,66447.14327036396,5433,15029,0.466738348322134,0.13615302353302955,0.5143622830345723,0.2100248154746755,2.766243327811522,22.61797762899925,8.176423744650537
Ware,2021-04-15,10160.386305655253,573,1977,0.7307783348633571,0.18576790506224727,0.6935157051055717,0.07150954090307954,3.450261780104712,19.457921584139033,5.639549351396897
Wareham,2021-04-15,24185.15802085188,1555,5589,0.6356369531327085,0.21327792905625073,0.5970067627035027,0.06626386687797148,3.594212218649518,23.10921431723247,6.429563117426461
Warren,2021-04-15,5442.321499514373,232,706,0.4304,0.1335081360760029,0.3027,0.015416005440943096,3.043103448275862,12.972405251380271,4.262886711501732
Warwick,2021-04-15,733.9421121872019,18,147,0.6943,0.27291160231226386,0.5841,0.019404915912031046,8.166666666666668,20.028827554523218,2.4525094964722305
Watertown,2021-04-15,33036.74137139965,2257,10365,0.27769915811445467,0.17753219753921531,0.36007133066620284,0.1147596575013423,4.592379264510412,31.374159707449596,6.831787598621682
Wayland,2021-04-15,13217.562427383005,600,4591,0.030049811547714515,0.20763796277976554,0.13948717321571774,0.04659985683607731,7.651666666666666,34.73408977807256,4.539414913274567
Webster,2021-04-15,17180.90065354914,1778,3268,0.6511339932826586,0.1837662212019105,0.6710597489835602,0.14318543397560546,1.8380202474690663,19.021121569228757,10.34870078032091
Wellesley,2021-04-15,29713.05199802939,1300,7641,0.13962882541069901,0.16006353829518397,0.1748003357104547,0.06690678891071819,5.877692307692309,25.71597155521675,4.375181654466925
Wellfleet,2021-04-15,2759.834263247254,65,1365,0.5981838921146283,0.3775880823437798,0.4292525004682524,0.021832806664751507,21.000000000000004,49.459491759259656,2.3552138932980786
Wendell,2021-04-15,709.2504070436181,11,240,0.6943,0.25301517955228336,0.5841,0.03975903614457831,21.818181818181817,33.838542440940785,1.550933195209786
Wenham,2021-04-15,5203.123766032365,273,1225,0.024,0.1546742411757939,0.1675,0.07027649769585254,4.487179487179487,23.543549127106814,5.2468480911838045
West Boylston,2021-04-15,7840.638986433936,614,2412,0.5748672911070267,0.23912392604252056,0.4675452000565531,0.1707920792079208,3.9283387622149837,30.762798850620477,7.830994400614002
West Bridgewater,2021-04-15,7285.822053081787,821,1860,0.3652122958827635,0.20745249012730232,0.29344766224703417,0.059455687369155616,2.2655298416565164,25.529034149458116,11.268460772422104
West Brookfield,2021-04-15,3703.877027284469,255,1076,0.4448109627156372,0.24380904463264483,0.42987779632721207,0.012461740271097508,4.219607843137255,29.05064050652025,6.884677815206937
West Newbury,2021-04-15,4036.384250460343,181,1633,0.2666,0.1946020492071111,0.2093,0.014189041693953285,9.022099447513813,40.457000589420076,4.484211332936334
West Springfield,2021-04-15,29347.86407352808,2727,6214,0.6334440242796344,0.17654192192734783,0.5684341275378497,0.12429358822298193,2.278694536120279,21.17360222342402,9.291987972847972
West Stockbridge,2021-04-15,1175.1166229483413,40,484,0.34542775800711745,0.35757398578580124,0.29782574139976276,0.0679327976625274,12.1,41.18740136495175,3.4039174681778306
West Tisbury,2021-04-15,2871.290458416786,117,748,0.1241,0.2802974729370413,0.15310000000000001,0.023272995936461028,6.3931623931623935,26.051004272568203,4.074822860816149
Westborough,2021-04-15,18711.126473274962,1509,5259,0.15152958200669442,0.16859340465695238,0.32643288023512124,0.0796544094405226,3.485089463220676,28.106271461055066,8.06472021957256
Westfield,2021-04-15,42241.68945514119,2965,8332,0.5388672262354294,0.17947790166553318,0.5323587362502052,0.10783939726288684,2.8101180438448568,19.724589871927865,7.019132137573946
Westford,2021-04-15,23089.21611687573,1261,6615,0.07528726957096801,0.15044429475636997,0.12429399851202777,0.026370174423410764,5.245836637589216,28.649738330289818,5.461424041495912
Westminster,2021-04-15,7315.648114547028,523,2127,0.3249,0.17365960739576455,0.0343,0.03600782778864971,4.066921606118547,29.074662513776474,7.1490590008016435
Weston,2021-04-15,10981.72363657879,526,3481,0.10067438468550592,0.21781670939203007,0.39082625341841387,0.06579928731250517,6.6178707224334605,31.698120579225023,4.789776335728917
Westport,2021-04-15,16752.22686706556,1519,5554,0.4549309005564599,0.25460124146889024,0.319988458189802,0.012355694227769111,3.6563528637261355,33.15380124727787,9.06745122337326
Westwood,2021-04-15,14695.18298003522,1013,5277,0.27177741385698406,0.21317971487313808,0.410875483512412,0.03003778337531486,5.209279368213228,35.909726385641456,6.893415355060601
Weymouth,2021-04-15,56177.31644251469,4952,16544,0.5251269286855079,0.1798309249462734,0.4763061811183747,0.08087400681044268,3.340872374798061,29.44960893055331,8.814945806582447
Whately,2021-04-15,1451.4873798720441,60,249,0.4099,0.24619850262907939,0.3693,0,4.15,17.154816738534137,4.133690780369672
Whitman,2021-04-15,15539.121805317045,1274,3431,0.45726611189091637,0.13533514541431435,0.36540242630840186,0.024864648085021056,2.69309262166405,22.079754847059693,8.198661520009924
Wilbraham,2021-04-15,14533.45593765432,1278,4555,0.28024622480918127,0.2336859963604563,0.41178614024490695,0.07726344452008169,3.564162754303599,31.341478720134138,8.793503798975067
Williamsburg,2021-04-15,2458.272225515766,72,1180,0.44779896288613974,0.25081289616179314,0.31042823912882433,0.023013112122023012,16.38888888888889,48.00119318569066,2.9288863638726506
Williamstown,2021-04-15,7178.474023926626,285,1625,0.5150032860635697,0.25459313153698143,0.49774551589242055,0.11351351351351352,5.701754385964913,22.63712307913493,3.97020312464828
Wilmington,2021-04-15,24460.26540053926,2115,6431,0.20001171696677655,0.16135517795717488,0.27092412291825174,0.04966607490066785,3.0406619385342792,26.291619876938128,8.646676417310548
Winchendon,2021-04-15,10765.112077551556,682,2024,0.6674553437029604,0.14801067001615845,0.6697719016557954,0.0441748471939248,2.967741935483871,18.80147633781388,6.335280070350329
Winchester,2021-04-15,22284.28515387031,1235,6611,0.16654757347703553,0.1808824174731227,0.2753842980581622,0.024077258896679454,5.353036437246963,29.666646043845873,5.542022063855643
Windsor,2021-04-15,845.3079348458156,22,192,0.4181,0.2538783115010141,0.1064,0.01038961038961039,8.727272727272727,22.713616196566385,2.602601855856565
Winthrop,2021-04-15,18868.13922198433,2298,6178,0.44164268141354196,0.21092223526544399,0.4498762881035878,0.10083625573239817,2.688424717145344,32.743027424779996,12.17926141504442
Woburn,2021-04-15,41525.0307396021,4098,11165,0.34469835753951306,0.18012171260712714,0.482981892353695,0.11370508054522925,2.7244997559785262,26.887397314680435,9.868746457282617
Worcester,2021-04-15,191574.6773705577,22659,40520,0.7405941863659928,0.1265114635688171,0.7478125974598236,0.3323671549638761,1.7882519087338364,21.151020874028806,11.827763622522673
Worthington,2021-04-15,1046.72880347647,34,353,0.379,0.29741344067738434,0.34389999999999993,0.011705685618729096,10.382352941176471,33.72411257124017,3.248214808561376
Wrentham,2021-04-15,11271.338775648497,1027,3579,0.21434446906425772,0.1853047401608021,0.12556698483040737,0.05386057610363047,3.4849074975657253,31.753104677612548,9.111606176001143
Yarmouth,2021-04-15,24061.69697352813,1488,8655,0.4275704181560006,0.32673589594772096,0.31080061939969644,0.043716075156576203,5.816532258064516,35.97003157974244,6.184102483033709
Allston Brighton,2021-04-15,66865,4953,16628,0.6252743082642613,0.1166,0.5659213148057858,0.1605166328752722,3.3571572784171213,24.868017647498693,7.407462798175428
Back Bay Downtown,2021-04-15,50017,3349,15987,0.419596526555544,0.1166,0.5099104373419312,0.11919638048044813,4.773663780232906,31.963132534938122,6.695723454025631
Charlestown,2021-04-15,16439,1343,5219,0.3425045122076852,0.1166,0.3991709333470691,0.1694653342948388,3.886075949367089,31.74767321613237,8.169596690796277
Dorchester Codman,2021-04-15,71262,9486,17912,0.7983632364657691,0.1166,0.8058765618586984,0.635175568743818,1.888256377819945,25.135415789621398,13.3114422834049
Dorchester Uphams,2021-04-15,59273,8296,12945,0.883164267981398,0.1166,0.8731214436402206,0.7162904304805763,1.5603905496624881,21.839623437315474,13.996254618460345
East Boston,2021-04-15,40508,7431,9047,0.7919291857566007,0.1166,0.8521982419502632,0.5906620921857353,1.2174673664378952,22.333859978275896,18.344524538362794
Fenway,2021-04-15,54566,3177,10624,0.7114683320445147,0.1166,0.6803044497865044,0.1957717397262777,3.3440352533836957,19.469999633471392,5.8223069310559685
Hyde Park,2021-04-15,28488,4261,8939,0.743107725698349,0.1166,0.8228198709009942,0.6973088273967799,2.097864351091293,31.378124122437516,14.957174950856501
Jamaica Plain,2021-04-15,35401,2845,12534,0.5504186791926332,0.1166,0.5978199962794158,0.33157490650617927,4.4056239015817225,35.4057794977543,8.036496144176718
Mattapan,2021-04-15,25562,2715,5340,0.8640867274223659,0.1166,0.9052692293795291,0.9207529316346187,1.9668508287292816,20.890384163993428,10.621234645176434
Roslindale,2021-04-15,29826,3352,8997,0.6329391452063607,0.1166,0.6889500552841606,0.4805898552012081,2.6840692124105012,30.16495674914504,11.238516730369476
Roxbury,2021-04-15,40527,5209,10818,0.902085109932747,0.1166,0.8832675530263838,0.6740556959677232,2.0767901708581302,26.693315567399512,12.853159621980408
South Boston,2021-04-15,33889,4627,10280,0.3778088826634324,0.1166,0.3755004697562392,0.157779218835736,2.2217419494272748,30.334326772699107,13.653397857711942
South End,2021-04-15,33881,3325,11351,0.6987660846217608,0.1166,0.7463735827296644,0.30274639221389416,3.4138345864661654,33.50255305333373,9.813759924441428
West Roxbury,2021-04-15,25861,2259,9649,0.4171507414571245,0.1166,0.5327960371189094,0.14185417909923825,4.271359008410801,37.311008855032675,8.735161053323537
