zipcode,E_TOTPOP.zip,SVI_SES,SVI_household.disability,SVI_minority.language,SVI_house.transport,SVI_overall,Town,eohhs,eohhs_name,town_population
01001,25518,0.5003226036523238,0.6540278666039658,0.29615372286229324,0.4215569284426679,0.47486429187240375,Agawam,1,Western,28613
01002,44677,0.7043191933209482,0.22908509747744923,0.40704350784519994,0.6007771627459318,0.5284776215950041,Amherst,1,Western,39924
01002,44677,0.7043191933209482,0.22908509747744923,0.40704350784519994,0.6007771627459318,0.5284776215950041,Amherst,1,Western,39924
01002,44677,0.7043191933209482,0.22908509747744923,0.40704350784519994,0.6007771627459318,0.5284776215950041,Pelham,1,Western,1313
01003,13056,0.9616,7.000000000000001e-4,0.3711999999999999,0.7963,0.582,Amherst,1,Western,39924
01005,5539,0.5147,0.3885,0.0328,0.7325,0.4612,Barre,2,Central,5578
01007,14967,0.3436973742232912,0.37513937996926566,0.23336176922562973,0.36062455401884147,0.29143101489944545,Belchertown,1,Western,15098
01008,7129,0.5284,0.3789,0.0807,0.3052,0.3157,Blandford,1,Western,1252
01008,7129,0.5284,0.3789,0.0807,0.3052,0.3157,Blandford,1,Western,1252
01009,2376,0.377,0.8495,0.0786,0.3182,0.383,Palmer,1,Western,12232
01010,3739,0.5113,0.6983999999999999,0.1244,0.4458,0.464,Brimfield,2,Central,3680
01010,3739,0.5113,0.6983999999999999,0.1244,0.4458,0.464,Brimfield,2,Central,3680
01011,10276,0.4826466134682756,0.45472689762553525,0.06057953483845855,0.3541383612300506,0.3243361813935383,Chester,1,Western,1369
01011,10276,0.4826466134682756,0.45472689762553525,0.06057953483845855,0.3541383612300506,0.3243361813935383,Chester,1,Western,1369
01012,1355,0.6662,0.3523,0.0062,0.0624,0.208,Chesterfield,1,Western,1249
01013,40698,0.7926000687994497,0.8050130571526856,0.6543475895621407,0.537970806919259,0.7596108359133127,Chicopee,1,Western,55126
01020,42671,0.7017173279276324,0.763119933912962,0.5462300086709944,0.3806858217524782,0.6531236999367251,Chicopee,1,Western,55126
01022,12467,0.7003710997032165,0.6194149193871822,0.4245043875832197,0.46549380765220183,0.5990459452955803,Chicopee,1,Western,55126
01026,3147,0.379,0.6265,0.015,0.465,0.34389999999999993,Cummington,1,Western,874
01026,3147,0.379,0.6265,0.015,0.465,0.34389999999999993,Cummington,1,Western,874
01027,17848,0.45365714365755266,0.5786526333482743,0.2669185398924249,0.3284099394890184,0.39007504482294936,Easthampton,1,Western,15829
01027,17848,0.45365714365755266,0.5786526333482743,0.2669185398924249,0.3284099394890184,0.39007504482294936,Westhampton,1,Western,1637
01028,16200,0.3271618703703704,0.8145873086419754,0.35294861728395055,0.33419961111111113,0.44385202469135804,East Longmeadow,1,Western,16192
01029,2392,0.5867,0.4911,0.0499,0.6529,0.5038,Otis,1,Western,1539
01030,19395,0.4343381129156999,0.5067232946635731,0.3371259035833978,0.2684113895333849,0.354156715648363,Agawam,1,Western,28613
01031,4323,0.7347,0.7565,0.0643,0.668,0.6596,Hardwick,2,Central,3057
01032,3526,0.4332,0.3755,0.0444,0.3827,0.2876,Goshen,1,Western,1059
01033,6333,0.2947,0.301,0.2112,0.06040000000000001,0.09879999999999999,Granby,1,Western,6291
01034,7129,0.5284,0.3789,0.0807,0.3052,0.3157,Granville,1,Western,1611
01034,7129,0.5284,0.3789,0.0807,0.3052,0.3157,Tolland,1,Western,508
01035,5310,0.2221,0.5479,0.3295,0.8181999999999999,0.4928,Hadley,1,Western,5342
01036,5191,0.525,0.7497,0.0396,0.1379,0.2979,Hampden,1,Western,5177
01037,4323,0.7347,0.7565,0.0643,0.668,0.6596,Hardwick,2,Central,3057
01038,3292,0.2385,0.5205,0.1688,0.7537999999999999,0.4187,Hatfield,1,Western,3251
01039,8618,0.4194330471106985,0.1948752146669761,0.35335878394058945,0.5071343467161754,0.3358729635646322,Williamsburg,1,Western,2466
01039,8618,0.4194330471106985,0.1948752146669761,0.35335878394058945,0.5071343467161754,0.3358729635646322,Williamsburg,1,Western,2466
01040,40376,0.7802232390529027,0.8001606622746186,0.7729442713493164,0.7136523132553992,0.8052782370715276,Holyoke,1,Western,40117
01050,9154,0.5165871313087175,0.4120379724710509,0.11304159930085209,0.3602824776054184,0.3509173913043478,Huntington,1,Western,2169
01050,9154,0.5165871313087175,0.4120379724710509,0.11304159930085209,0.3602824776054184,0.3509173913043478,Huntington,1,Western,2169
01050,9154,0.5165871313087175,0.4120379724710509,0.11304159930085209,0.3602824776054184,0.3509173913043478,Montgomery,1,Western,866
01053,3602,0.6381,0.922,0.1442,0.356,0.5827,Northampton,1,Western,28451
01054,4820,0.3975,0.6067,0.11070000000000002,0.43550000000000005,0.3747,Leverett,1,Western,1837
01056,21336,0.6094586098612673,0.6118624765654294,0.4740895763029621,0.3622804274465692,0.5473232470941133,Ludlow,1,Western,21233
01057,22265,0.5890959622726252,0.6722456276667416,0.09814015270604089,0.35002485515382886,0.4241113092297327,Monson,1,Western,8787
01060,24966,0.5991180485460226,0.49962364415605226,0.4328957301930626,0.5380641712729312,0.5484678522790996,Northampton,1,Western,28451
01062,19693,0.696038028741177,0.7523798608642666,0.44806890265576604,0.49311225308485246,0.666095170872899,Northampton,1,Western,28451
01063,2371,0.5051,0.054700000000000006,0.38,0.716,0.3672,Northampton,1,Western,28451
01066,3292,0.2385,0.5205,0.1688,0.7537999999999999,0.4187,Hatfield,1,Western,3251
01068,1840,0.4352,0.199,0.0294,0.24970000000000003,0.162,Oakham,2,Central,1957
01069,17469,0.608483725456523,0.7146809949052607,0.1970544965367222,0.6529595626538439,0.6041049172820425,Palmer,1,Western,12232
01070,3147,0.379,0.6265,0.015,0.465,0.34389999999999993,Plainfield,1,Western,661
01070,3147,0.379,0.6265,0.015,0.465,0.34389999999999993,Plainfield,1,Western,661
01071,7129,0.5284,0.3789,0.0807,0.3052,0.3157,Russell,1,Western,1792
01072,4820,0.3975,0.6067,0.11070000000000002,0.43550000000000005,0.3747,Shutesbury,1,Western,1754
01073,6140,0.3098,0.355,0.3431,0.1646,0.2121,Southampton,1,Western,6171
01074,5539,0.5147,0.3885,0.0328,0.7325,0.4612,Barre,2,Central,5578
01075,24096,0.49422636122177954,0.45549477506640107,0.22291619355909695,0.30408809345949533,0.3435509794156707,South Hadley,1,Western,17625
01077,9727,0.42741776498406503,0.7909503444021795,0.18617959288578184,0.31622030430759734,0.399201511257325,Southwick,1,Western,9740
01079,2376,0.377,0.8495,0.0786,0.3182,0.383,NA,NA,NA,NA
01080,3607,0.8376,0.7647000000000002,0.3158,0.703,0.7569999999999999,Palmer,1,Western,12232
01081,4656,0.6134,0.656,0.0882,0.2771,0.4262,Wales,2,Central,1874
01082,14161,0.7307783348633571,0.8592133394534285,0.1638320104512393,0.6315043076053951,0.6935157051055717,Ware,1,Western,9711
01082,14161,0.7307783348633571,0.8592133394534285,0.1638320104512393,0.6315043076053951,0.6935157051055717,Ware,1,Western,9711
01082,14161,0.7307783348633571,0.8592133394534285,0.1638320104512393,0.6315043076053951,0.6935157051055717,Ware,1,Western,9711
01083,5210,0.4304,0.20179999999999998,0.0185,0.6049,0.3027,Warren,2,Central,5222
01084,1355,0.6662,0.3523,0.0062,0.0624,0.208,Chesterfield,1,Western,1249
01085,48728,0.5388672262354294,0.6102319528813003,0.3961632080118207,0.5415882162206535,0.5323587362502052,Westfield,1,Western,41204
01086,2842,0.1761,0.0034,0.2338,0.3333,0.0206,NA,NA,NA,NA
01088,3292,0.2385,0.5205,0.1688,0.7537999999999999,0.4187,Hatfield,1,Western,3251
01089,28666,0.6334440242796344,0.5452255110583967,0.5286903753575665,0.47447926463406126,0.5684341275378497,West Springfield,1,Western,28517
01092,5210,0.4304,0.20179999999999998,0.0185,0.6049,0.3027,Warren,2,Central,5222
01093,5092,0.4099,0.0698,0.5673,0.5933,0.3693,Whately,1,Western,1567
01094,4323,0.7347,0.7565,0.0643,0.668,0.6596,Hardwick,2,Central,3057
01095,18211,0.28024622480918127,0.6766889078029763,0.3245493492943825,0.49082867497666244,0.41178614024490695,Wilbraham,1,Western,14689
01096,4881,0.4978824421225159,0.369059516492522,0.03379541077648023,0.29378246261012086,0.26550247900020485,Williamsburg,1,Western,2466
01096,4881,0.4978824421225159,0.369059516492522,0.03379541077648023,0.29378246261012086,0.26550247900020485,Williamsburg,1,Western,2466
01097,7129,0.5284,0.3789,0.0807,0.3052,0.3157,NA,NA,NA,NA
01098,3147,0.379,0.6265,0.015,0.465,0.34389999999999993,Worthington,1,Western,1175
01103,9046,0.9661055715233252,0.8901098386026973,0.9448179305770507,0.9396860822462968,0.9819615189033827,Springfield,1,Western,153606
01104,31048,0.9151649993558362,0.922497706776604,0.8971408850811646,0.532134581937645,0.8826661910590053,Springfield,1,Western,153606
01105,23476,0.971308630090305,0.9247405818708468,0.925821656159482,0.9357162336002726,0.9850496081104106,Springfield,1,Western,153606
01106,21938,0.3593305907557663,0.6390718388184885,0.4933300574345884,0.4163734752484274,0.4323373552739539,Longmeadow,1,Western,15705
01107,23345,0.9587261769115442,0.9344160077104304,0.9448944527736133,0.7222732448061684,0.942599408866995,Springfield,1,Western,153606
01108,33173,0.9199339312091158,0.8760988786060953,0.8692168178940705,0.5275811111446055,0.8676842432098393,Springfield,1,Western,153606
01109,35903,0.9145391025819568,0.797664306603905,0.8221571400718604,0.7331395900064062,0.8905037267080745,Springfield,1,Western,153606
01118,15570,0.6471731984585741,0.8777683815028902,0.6112870520231214,0.46100190751445086,0.6851423506743738,Springfield,1,Western,153606
01119,22076,0.8253015537235007,0.818063593948179,0.74360147671679655,0.5550038458053995,0.8113838285921363,Springfield,1,Western,153606
01128,8991,0.6680693693693694,0.7716210210210209,0.6451215215215215,0.6185138138138138,0.7033418418418419,Springfield,1,Western,153606
01129,21724,0.7156391732645921,0.8301111627692875,0.6857057401951758,0.5130776744614252,0.7269519011231818,Springfield,1,Western,153606
01151,9634,0.9155448723271746,0.9377749532904297,0.8077742266971144,0.423773375544945,0.8584565082001246,Springfield,1,Western,153606
01199,3766,0.8958,0.6758,0.9316,0.4026,0.8167,NA,NA,NA,NA
01201,60128,0.5690375449042044,0.7114654387307079,0.3299066441591272,0.5292486162852581,0.5623749401277275,Pittsfield,1,Western,42142
01220,11344,0.676132616361072,0.6673823871650211,0.12537150035260933,0.3887453455571227,0.5196306241184767,Adams,1,Western,8010
01222,3170,0.3626,0.3577,7e-4,0.2853,0.1805,Sheffield,1,Western,3129
01223,2402,0.5072,0.4945,0.1415,0.1447,0.2533,Becket,1,Western,1716
01223,2402,0.5072,0.4945,0.1415,0.1447,0.2533,Becket,1,Western,1716
01223,2402,0.5072,0.4945,0.1415,0.1447,0.2533,Washington,1,Western,541
01224,3000,0.5888,0.8365,0.08539999999999999,0.34219999999999995,0.4921,Lanesborough,1,Western,2940
01225,3172,0.6169,0.5705,0.055400000000000005,0.1612,0.3198,Cheshire,1,Western,3129
01226,10192,0.4212406789638932,0.6004591640502355,0.15026658163265305,0.3501857927786499,0.3522169740973312,Dalton,1,Western,6525
01229,1960,0.5141,0.552,0.0957,0.4636,0.4296,NA,NA,NA,NA
01230,14546,0.4557519111783308,0.6151214423209129,0.2941997112608277,0.538888072322288,0.45612348411934556,Great Barrington,1,Western,6945
01230,14546,0.4557519111783308,0.6151214423209129,0.2941997112608277,0.538888072322288,0.45612348411934556,Egremont,1,Western,1205
01235,5969,0.47074960629921264,0.47952652035516835,0.09808803819735298,0.12630055285642486,0.21431512816217124,Hinsdale,1,Western,1911
01235,5969,0.47074960629921264,0.47952652035516835,0.09808803819735298,0.12630055285642486,0.21431512816217124,Hinsdale,1,Western,1911
01235,5969,0.47074960629921264,0.47952652035516835,0.09808803819735298,0.12630055285642486,0.21431512816217124,Peru,1,Western,834
01236,9987,0.5534630519675577,0.6518668168619205,0.4469383598678282,0.7510688294783219,0.640991919495344,Great Barrington,1,Western,6945
01237,5466,0.4091059275521405,0.6044722283205269,0.06875246981339188,0.42485115257958284,0.37538682766190995,Lanesborough,1,Western,2940
01237,5466,0.4091059275521405,0.6044722283205269,0.06875246981339188,0.42485115257958284,0.37538682766190995,Hancock,1,Western,696
01237,5466,0.4091059275521405,0.6044722283205269,0.06875246981339188,0.42485115257958284,0.37538682766190995,New Ashford,1,Western,223
01238,8925,0.5685057703081232,0.7464617366946779,0.3229324369747899,0.6769051540616248,0.6082425210084034,Lee,1,Western,5664
01240,15101,0.4801409244420899,0.689320548308059,0.29019511952850807,0.705265538706046,0.57188676908814,Lenox,1,Western,4944
01242,4979,0.3043,0.6354,0.2365,0.9005,0.5745,Lenox,1,Western,4944
01243,3147,0.379,0.6265,0.015,0.465,0.34389999999999993,Middlefield,1,Western,534
01244,1312,0.3167,0.8378999999999999,0.0116,0.2524,0.2835,NA,NA,NA,NA
01245,4909,0.4839288653493583,0.5863155428804238,0.0309496842534121,0.4308837034019149,0.37449706661234466,Monterey,1,Western,924
01247,16337,0.7897244659362184,0.8719952622880578,0.24436796229417884,0.6559472363347004,0.7434401175246373,North Adams,1,Western,12730
01247,16337,0.7897244659362184,0.8719952622880578,0.24436796229417884,0.6559472363347004,0.7434401175246373,North Adams,1,Western,12730
01247,16337,0.7897244659362184,0.8719952622880578,0.24436796229417884,0.6559472363347004,0.7434401175246373,Clarksburg,1,Western,1638
01253,2392,0.5867,0.4911,0.0499,0.6529,0.5038,Otis,1,Western,1539
01254,3599,0.23495112531258683,0.4096226451792164,0.12144140038899695,0.46407507641011386,0.27032717421505975,Richmond,1,Western,1416
01255,2392,0.5867,0.4911,0.0499,0.6529,0.5038,Sandisfield,1,Western,891
01256,1504,0.7498,0.8755,0.11620000000000001,0.48829999999999996,0.6706,Savoy,1,Western,675
01257,3170,0.3626,0.3577,7e-4,0.2853,0.1805,Sheffield,1,Western,3129
01258,1965,0.1851,0.6929,0.14560000000000003,0.083,0.1359,Mount Washington,1,Western,157
01259,1312,0.3167,0.8378999999999999,0.0116,0.2524,0.2835,New Marlborough,1,Western,1458
01260,7720,0.5851300518134714,0.7847129533678757,0.37109067357512954,0.7537637305699483,0.6693264248704663,Lee,1,Western,5664
01262,1960,0.5141,0.552,0.0957,0.4636,0.4296,Stockbridge,1,Western,1890
01264,1205,0.462,0.5014,0.0144,0.1845,0.2169,Tyringham,1,Western,312
01266,5058,0.34542775800711745,0.6174684064847766,0.1564141162514828,0.28594717279557136,0.29782574139976276,West Stockbridge,1,Western,1257
01266,5058,0.34542775800711745,0.6174684064847766,0.1564141162514828,0.28594717279557136,0.29782574139976276,Alford,1,Western,488
01267,10225,0.5150032860635697,0.3509649682151589,0.28996335452322736,0.6035800293398532,0.49774551589242055,Williamstown,1,Western,7434
01270,1714,0.4181,0.199,0.05539999999999999,0.1043,0.1064,Windsor,1,Western,866
01301,21819,0.57049095742243,0.778866758329896,0.2882182318163069,0.5993790091204914,0.5964984371419405,Greenfield,1,Western,17258
01330,3419,0.1597,0.5294,0.0519,0.32849999999999996,0.186,Ashfield,1,Western,1717
01331,14662,0.7489480561997,0.7546315032055654,0.18520049106533898,0.5693407720638385,0.6275264220433775,Athol,1,Western,11732
01331,14662,0.7489480561997,0.7546315032055654,0.18520049106533898,0.5693407720638385,0.6275264220433775,Phillipston,1,Western,1746
01337,4351,0.4126,0.71,0.0854,0.7106,0.5024,Bernardston,1,Western,2090
01337,4351,0.4126,0.71,0.0854,0.7106,0.5024,Leyden,1,Western,715
01338,3790,0.6915999999999999,0.7982,0.0841,0.5885,0.6307,Buckland,1,Western,1850
01339,8301,0.6759492591254066,0.8093402843030959,0.07073165883628477,0.6242575954704253,0.6340692567160584,Charlemont,1,Western,1233
01339,8301,0.6759492591254066,0.8093402843030959,0.07073165883628477,0.6242575954704253,0.6340692567160584,Hawley,1,Western,334
01340,4511,0.6628,0.8187,0.0595,0.6543,0.6369,Colrain,1,Western,1661
01341,3419,0.1597,0.5294,0.0519,0.32849999999999996,0.186,Conway,1,Western,1873
01342,5046,0.4284,0.6361,0.1702,0.2743,0.3397,Deerfield,1,Western,4991
01343,1504,0.7498,0.8755,0.11620000000000001,0.48829999999999996,0.6706,Florida,1,Western,715
01344,3425,0.6943,0.5814,0.1552,0.5453,0.5841,Erving,1,Western,1750
01346,4511,0.6628,0.8187,0.0595,0.6543,0.6369,Heath,1,Western,695
01347,4372,0.5161,0.8057,0.3049,0.4616,0.5607,Montague,1,Western,8212
01349,7797,0.5943781839168911,0.707171399256124,0.23914105425163526,0.4983670257791458,0.5709789534436321,Montague,1,Western,8212
01350,4511,0.6628,0.8187,0.0595,0.6543,0.6369,Monroe,1,Western,115
01351,4372,0.5161,0.8057,0.3049,0.4616,0.5607,Montague,1,Western,8212
01354,4351,0.4126,0.71,0.0854,0.7106,0.5024,Gill,1,Western,1465
01355,4820,0.3975,0.6067,0.11070000000000002,0.43550000000000005,0.3747,New Salem,1,Western,1021
01360,2997,0.4496,0.8447,0.0246,0.2805,0.37820000000000004,Northfield,1,Western,2958
01364,15927,0.622847246813587,0.5968962767627299,0.10997111822691029,0.5958396245369498,0.5539210209078923,Orange,1,Western,7582
01366,7294,0.6861473265697834,0.6060355908966274,0.07875989854675075,0.6445383054565397,0.5930437345763642,Petersham,1,Western,1250
01367,4511,0.6628,0.8187,0.0595,0.6543,0.6369,Rowe,1,Western,389
01368,7075,0.7759333851590106,0.7069226572438163,0.3078984028268551,0.587401554770318,0.6896282685512367,Royalston,1,Western,1277
01370,16766,0.49616936061075984,0.7001140939997614,0.0968280329237743,0.45861992126923534,0.45410169986878207,Shelburne,1,Western,1837
01373,10138,0.4191080291970803,0.351665239692247,0.36965089761294145,0.43452371276385876,0.35456715328467153,Deerfield,1,Western,4991
01375,5092,0.4099,0.0698,0.5673,0.5933,0.3693,Sunderland,1,Western,3629
01376,8334,0.6076624190064795,0.8470124310055195,0.39066251499880006,0.5754112311015118,0.6579672426205904,Montague,1,Western,8212
01378,3425,0.6943,0.5814,0.1552,0.5453,0.5841,Warwick,1,Western,769
01379,3425,0.6943,0.5814,0.1552,0.5453,0.5841,Wendell,1,Western,878
01420,44927,0.7811281100451843,0.6815492932980168,0.6254985799185344,0.6618297193224564,0.7675924232644067,Fitchburg,2,Central,40638
01430,14935,0.5219787947773686,0.5793443321057918,0.0911174891195179,0.7061788617341813,0.5204444526280549,Ashburnham,2,Central,6348
01431,3215,0.5058,0.1696,0.1135,0.1962,0.17980000000000002,Ashby,2,Central,3219
01432,8055,0.2968,0.2907,0.2365,0.7497,0.407,Ayer,2,Central,8196
01432,8055,0.2968,0.2907,0.2365,0.7497,0.407,Ayer,2,Central,8196
01434,22223,0.4140159294424695,0.30821685191018316,0.3745708455204068,0.6114066012689555,0.4438566980155695,Harvard,2,Central,6620
01434,22223,0.4140159294424695,0.30821685191018316,0.3745708455204068,0.6114066012689555,0.4438566980155695,Harvard,2,Central,6620
01436,11098,0.5432225716345288,0.43521172283294285,0.17039315191926474,0.6606353757433773,0.5047678410524419,Templeton,2,Central,8138
01438,8127,0.5168,0.4528,0.1962,0.679,0.5079,Templeton,2,Central,8138
01440,34935,0.6087291226563618,0.59070311721769,0.24158312294260773,0.6646182796622297,0.5772364076141405,Gardner,2,Central,20683
01450,11301,0.17306393239536325,0.2806715954340324,0.1940279267321476,0.21234130607910806,0.13722993540394657,Groton,2,Central,11325
01451,6570,0.2906,0.4124,0.3943999999999999,0.1598,0.2237,Harvard,2,Central,6620
01452,4642,0.3304,0.1546,0.15310000000000001,0.085,0.0796,Hubbardston,2,Central,4829
01453,49622,0.6438921546894523,0.6862982346539842,0.5976037060174922,0.6863762222401354,0.6993952823344484,Leominster,2,Central,41716
01460,9935,0.20477043784599902,0.4778346854554605,0.21035276295923502,0.36218311021640665,0.24952448917966788,Littleton,4,Metro West,10227
01462,11271,0.42838723272114276,0.35968327566320646,0.2143427823618135,0.4746774376719014,0.3741587791677757,Lunenburg,2,Central,11736
01463,12083,0.32150881403624926,0.37580780435322353,0.11969348671687495,0.4001786063063809,0.270232582967806,Pepperell,2,Central,12114
01464,7598,0.645,0.2367,0.5038,0.8553,0.6733,Shirley,2,Central,7636
01467,6570,0.2906,0.4124,0.3943999999999999,0.1598,0.2237,NA,NA,NA,NA
01468,8127,0.5168,0.4528,0.1962,0.679,0.5079,Templeton,2,Central,8138
01469,9455,0.3584513167636171,0.40806123744050765,0.05512767847699629,0.3173790904283448,0.2390118455843469,Townsend,2,Central,9506
01473,7665,0.3249,0.37000000000000005,0.0198,0.0137,0.0343,Westminster,2,Central,7997
01474,9455,0.3584513167636171,0.40806123744050765,0.05512767847699629,0.3173790904283448,0.2390118455843469,Townsend,2,Central,9506
01475,11958,0.6674553437029604,0.6724919217260412,0.11805439036628197,0.8077791771199196,0.6697719016557954,Winchendon,2,Central,10905
01501,16633,0.3598584981662959,0.37490588588949675,0.18777683520711838,0.43533880839295375,0.31426935609932066,Auburn,2,Central,16766
01503,3144,0.1953,0.3817,0.18729999999999997,0.3011,0.1908,Berlin,2,Central,3240
01504,9246,0.44769842093878437,0.2754286394116374,0.14042647631408176,0.31241431970581873,0.26102749296993294,Blackstone,2,Central,9288
01505,4581,0.1453,0.5048,0.0745,0.1488,0.1084,Boylston,2,Central,4712
01506,3431,0.5209,0.5848,0.2037,0.3964,0.4426999999999999,Brookfield,2,Central,3452
01507,13482,0.43973224299065417,0.4863036715620828,0.15139759679572765,0.26290754339118827,0.2750642857142857,Charlton,2,Central,13713
01510,13899,0.45944845672350526,0.44187406288222175,0.4961264191668466,0.5294514425498238,0.4861303115332039,Clinton,2,Central,14000
01515,2159,0.4825,0.4419,0.1668,0.2826,0.3253,East Brookfield,2,Central,2210
01516,16639,0.32060184506280426,0.23271791574012862,0.12606083899272796,0.3164007812969529,0.1872475329046217,Douglas,2,Central,9038
01518,9537,0.22339412813253642,0.8942720352312047,0.2524744678620111,0.5047206354199434,0.4684786410821013,Sturbridge,2,Central,9597
01519,15254,0.3122597679297234,0.4134463222761243,0.5303337681919497,0.4500916743149338,0.42174292644552247,Grafton,2,Central,18883
01520,18821,0.23485052335157536,0.5411544604431221,0.25693107698847034,0.198040343233622,0.21460017002284681,Holden,2,Central,19303
01521,4656,0.6134,0.656,0.0882,0.2771,0.4262,Holland,2,Central,2482
01522,14583,0.24951206884728794,0.6049887608859631,0.3163122128505794,0.24463722827950352,0.26778228073784544,Holden,2,Central,19303
01523,8043,0.5456,0.3912,0.4716,0.3697,0.4804,Lancaster,2,Central,8082
01524,11286,0.5156677210703527,0.43387442849548113,0.2321226298068403,0.49654393939393937,0.4580923710792132,Leicester,2,Central,11341
01525,7341,0.2687,0.2962,0.0608,0.1694,0.1146,NA,NA,NA,NA
01527,18070,0.4657455617044826,0.3564172993912562,0.23177441062534587,0.3839041062534588,0.3382205810736027,Millbury,2,Central,13947
01529,3242,0.4935,0.6750999999999999,0.0622,0.4396,0.4316999999999999,Millville,2,Central,3257
01531,4323,0.7347,0.7565,0.0643,0.668,0.6596,New Braintree,2,Central,1024
01532,14985,0.08370495829162496,0.33656170837504173,0.45717871204537874,0.38701801801801805,0.23319905905905908,Northborough,4,Metro West,15109
01534,16522,0.4746684178670863,0.5965087338094661,0.24482200096840576,0.3763905217286043,0.4230465137392567,Northbridge,2,Central,16679
01535,4764,0.5936,0.3694,0.0041,0.2188,0.2649,North Brookfield,2,Central,4792
01536,24214,0.32051847278433965,0.2711681382671182,0.5652103163459156,0.6047373957214834,0.4646811348806475,Grafton,2,Central,18883
01537,7914,0.5757,0.6375,0.4354,0.2929,0.5031,Oxford,2,Central,14009
01540,13944,0.5893652323580034,0.6727009466437177,0.25511407056798624,0.22850907917383823,0.4274222891566265,Oxford,2,Central,14009
01541,3443,0.0836,0.1915,0.1148,0.0782,0.0261,Princeton,2,Central,3488
01542,19200,0.5404122760416668,0.51780634375,0.31591102083333333,0.41260445312499994,0.47664395312499996,Leicester,2,Central,11341
01543,8586,0.133,0.1122,0.0355,0.5185,0.1242,Rutland,2,Central,8938
01545,41503,0.3297938269522685,0.51241645423222415,0.6291072115268775,0.5548921596029203,0.5185445244922053,Shrewsbury,2,Central,38526
01550,16894,0.8305769089617615,0.8435081389842548,0.7089890020125489,0.5269012252870842,0.7976409257724637,Southbridge,2,Central,16878
01560,4597,0.2865,0.6518,0.5858,0.463,0.4894,Grafton,2,Central,18883
01561,8043,0.5456,0.3912,0.4716,0.3697,0.4804,Lancaster,2,Central,8082
01562,11913,0.5935869050616973,0.40317644589943763,0.27959363720305547,0.4019062536724587,0.41166926047175356,Spencer,2,Central,11935
01564,8052,0.2001,0.277,0.1183,0.2737,0.14,Sterling,2,Central,8174
01566,9537,0.22339412813253642,0.8942720352312047,0.2524744678620111,0.5047206354199434,0.4684786410821013,Sturbridge,2,Central,9597
01568,7835,0.2653,0.1737,0.3281,0.3882,0.2375,Upton,2,Central,8065
01569,21244,0.4630010544153643,0.39228877800790807,0.07752520711730371,0.26594023724345695,0.2705659433251742,Uxbridge,2,Central,14195
01570,16971,0.6511339932826586,0.7970732720523246,0.455462435920099,0.5854986388545166,0.6710597489835602,Webster,2,Central,16949
01571,11682,0.6319807053586715,0.45808157849683273,0.25328279404211607,0.4192543913713405,0.4950816812189694,Dudley,2,Central,11773
01581,24498,0.15152958200669442,0.3399421707894522,0.6009383419054617,0.45808303943179035,0.32643288023512124,Westborough,4,Metro West,19144
01583,14146,0.5748672911070267,0.38548744521419487,0.48812206984306516,0.33561428672416227,0.4675452000565531,West Boylston,2,Central,8077
01585,8985,0.4448109627156372,0.4356945464663327,0.03400333889816361,0.7164484140233722,0.42987779632721207,West Brookfield,2,Central,3727
01588,30722,0.3854207603671636,0.47445933858472755,0.18881816288002082,0.2811239567736476,0.2825386042575353,Northbridge,2,Central,16679
01590,9385,0.07617341502397443,0.4664191262653169,0.1238288758657432,0.04384688332445392,0.03587405434203516,Sutton,2,Central,9582
01602,43306,0.6720064055789037,0.5796322819008913,0.7247919272156282,0.6069800489539556,0.6799122800535723,Worcester,2,Central,185428
01603,36080,0.8438036862527716,0.5893343126385809,0.8319719678492239,0.7456607372505543,0.8445217433481153,Worcester,2,Central,185428
01604,71491,0.668814627015988,0.5370446979340057,0.7381920927109705,0.665313805933614,0.7224158901120421,Worcester,2,Central,185428
01605,43392,0.808369233960177,0.6695238915007374,0.7638681669432154,0.7527897723082596,0.8267292496312684,Worcester,2,Central,185428
01606,44387,0.6683671187509856,0.5813403181111587,0.6325693333633722,0.5915122918872643,0.6725339063239237,Worcester,2,Central,185428
01607,33913,0.6316088844985699,0.46651474950608907,0.5050164686108571,0.6775705570135346,0.6006740984283313,Worcester,2,Central,185428
01608,19002,0.933614730028418,0.7419149300073676,0.8839041521945059,0.7023384380591516,0.9002349489527419,Worcester,2,Central,185428
01609,43663,0.6890893846048142,0.4188688889906786,0.7139710303918649,0.7183552916657124,0.6989564184778875,Worcester,2,Central,185428
01610,50566,0.8774489993276114,0.6180723865838705,0.837933091405292,0.7792247438990625,0.8548151445635408,Worcester,2,Central,185428
01611,4525,0.342,0.5834,0.23379999999999998,0.4863,0.4022,Leicester,2,Central,11341
01612,9576,0.15055269423558895,0.5040969715956557,0.3196744569757728,0.26759168755221385,0.21606276106934,Paxton,2,Central,4963
01701,41449,0.2555598253275109,0.3647615141499192,0.507818813481628,0.5283020193490796,0.3756840744046901,Framingham,4,Metro West,74416
01702,43758,0.6410861442479089,0.4951913455825221,0.7709050047991225,0.694780858357329,0.7018279354632296,Framingham,4,Metro West,74416
01718,6798,0.2145,0.1936,0.7012999999999999,0.8498000000000001,0.5223,Acton,4,Metro West,23662
01719,5794,0.3345,0.1368,0.5332,0.2695,0.2485,Boxborough,4,Metro West,5793
01720,23561,0.12607128729680406,0.258311765205212,0.6386765247655023,0.38739395186961506,0.28623106829081957,Acton,4,Metro West,23662
01721,17576,0.1320693218024579,0.2484170573509331,0.5796625682749202,0.16186412152935822,0.17364379267182523,Ashland,4,Metro West,17807
01730,23463,0.19682227336657718,0.5096048075693645,0.5148435366321442,0.5243803904019094,0.4154849209393513,Bedford,4,Metro West,14123
01731,9517,0.22994178837869073,0.5645880004203006,0.4523756330776505,0.3066657875380897,0.3371892928443837,Bedford,4,Metro West,14123
01740,5236,0.0178,0.1614,0.1866,0.0645,0.011,Bolton,2,Central,5426
01741,5186,0.1213,0.1984,0.3602,0.024,0.0288,Carlisle,4,Metro West,5252
01742,26121,0.19098926534206195,0.45606246315225296,0.5383177787986677,0.5720443244898741,0.4159401707438459,Concord,4,Metro West,18918
01745,4558,0.2015,0.394,0.2392,0.3361,0.22649999999999998,Southborough,4,Metro West,10208
01746,14634,0.06459356976903104,0.2937157304906382,0.2186416222495558,0.12575677190105233,0.06383307366406997,Holliston,4,Metro West,14912
01747,5951,0.40230000000000005,0.6594,0.0478,0.5062,0.3988,Hopedale,2,Central,5951
01748,17178,0.10094472581208523,0.17215064617534057,0.34697249970893,0.2318972522994528,0.11212832110839446,Hopkinton,4,Metro West,18470
01749,19868,0.4282959482585062,0.4909631769679887,0.4751079021542179,0.4139430843567546,0.4249634336621704,Hudson,4,Metro West,19864
01752,39776,0.4580962691069992,0.40556471741753825,0.664725175985519,0.6986110418342719,0.616249253318584,Marlborough,4,Metro West,39597
01754,10600,0.15172932075471698,0.258272,0.19450028301886796,0.29026271698113204,0.13872273584905662,Maynard,4,Metro West,11336
01756,13913,0.26886623301947815,0.14469352404226263,0.11881712786602458,0.30077957306116576,0.1297789333716668,Mendon,2,Central,6223
01757,36624,0.4870909594801223,0.45478628768020973,0.48759047346002626,0.4493308295107034,0.4845874863477501,Milford,2,Central,29101
01760,36083,0.10488363495274783,0.3768343624421473,0.44674082254801434,0.3835554499348724,0.23491062273092594,Natick,4,Metro West,36050
01770,4301,0.0103,0.3502,0.1969,0.0123,0.0055,Sherborn,4,Metro West,4335
01772,10074,0.12604786579313082,0.38014703196347033,0.3892829461981338,0.2658495731586262,0.1983012705975779,Southborough,4,Metro West,10208
01773,11127,0.06129788802013121,0.4801555944998652,0.5154794823402534,0.233852260267817,0.21645894670621013,Lincoln,4,Metro West,7052
01775,7098,0.0322,0.4337,0.1005,0.0405,0.0226,Stow,4,Metro West,7234
01776,24144,0.03260469681908549,0.43204075132538106,0.395014844267727,0.21806220178926441,0.13693370195493704,Sudbury,4,Metro West,19655
01778,24940,0.030049811547714515,0.3672581676022454,0.3398312229350441,0.2917509623095429,0.13948717321571774,Wayland,4,Metro West,13835
01801,46820,0.34469835753951306,0.38890051900897055,0.5258192738146091,0.584628385305425,0.482981892353695,Woburn,4,Metro West,40228
01803,27059,0.25437577146236007,0.45628339923870065,0.5468525924830925,0.41947894600687385,0.392104416275546,Burlington,4,Metro West,28627
01810,35609,0.12100089303266029,0.3389176893481985,0.44498331882389286,0.32540831250526553,0.22199195708949984,Andover,3,Northeast,36356
01821,43044,0.3756568604218939,0.27864093718055943,0.4008887301366044,0.34973985689062353,0.3072051296347923,Billerica,3,Northeast,43367
01824,26692,0.1481201071482092,0.37196134422298816,0.2770767720665368,0.4065915480293721,0.21449178030870675,Chelmsford,3,Northeast,35391
01826,31266,0.535215793513721,0.48015453207957526,0.39980851084244867,0.24814923878973966,0.41074265016311645,Dracut,3,Northeast,31634
01827,3345,0.0946,0.1854,0.10249999999999998,0.0041,0.0021,Dunstable,3,Northeast,3403
01830,33373,0.6435146795313577,0.7333910466544812,0.565143286489078,0.5447212477152188,0.6617976238276451,Haverhill,3,Northeast,64014
01832,31630,0.651892077141954,0.7011306449573189,0.6069967151438508,0.5948307587733165,0.6664621719886183,Haverhill,3,Northeast,64014
01833,8649,0.09150506416926812,0.3237529887848306,0.1261191929702856,0.2829947508382472,0.09968745519713261,Georgetown,3,Northeast,8768
01834,6749,0.16719999999999996,0.3769,0.1265,0.0844,0.07690000000000001,Groveland,3,Northeast,6849
01835,13166,0.4017176287406958,0.48948616891994534,0.32129101473492333,0.31436345131399057,0.3672975998784749,Haverhill,3,Northeast,64014
01840,12057,0.9653631085676371,0.9226916645931824,0.9959048353653479,0.8189600232230241,0.9725645683005723,Lawrence,3,Northeast,80028
01841,60299,0.9184370636328961,0.7472642929401814,0.9719684339707126,0.7100622481301514,0.9036060133667224,Lawrence,3,Northeast,80028
01843,25454,0.8899993517718237,0.7838917301799323,0.9496476349493204,0.6920998860689872,0.8899307103009351,Lawrence,3,Northeast,80028
01844,50019,0.6358299506187649,0.6171142525840181,0.6650236190247705,0.44999960015194224,0.6068451288510366,Methuen,3,Northeast,50706
01845,30589,0.25857724018438,0.41143870345549055,0.39949060119650853,0.5302920821210239,0.39554672921638495,North Andover,3,Northeast,31188
01850,16267,0.8227494559537715,0.6411449376037377,0.8336791787053545,0.5210590274789452,0.7932513370627651,Lowell,3,Northeast,110997
01851,33231,0.8129321085733201,0.5297387890824833,0.9080662333363426,0.5811434383557521,0.7910683307754808,Lowell,3,Northeast,110997
01852,41529,0.8270896915408509,0.5692754605215633,0.8060888005971731,0.7118970984131571,0.8205147704014062,Lowell,3,Northeast,110997
01854,48235,0.8112464869907744,0.4495541577692547,0.7573189074323623,0.7993919664144293,0.7987539069140664,Lowell,3,Northeast,110997
01860,6839,0.4736,0.7326,0.0328,0.4623,0.43450000000000005,Merrimac,3,Northeast,6960
01862,33375,0.3417316374531835,0.3996307086142322,0.30822086292134826,0.4380102052434457,0.3459648389513109,Billerica,3,Northeast,43367
01863,14727,0.27454755211516263,0.625723718340463,0.25540663407347053,0.17469674068038296,0.26839437088341145,Chelmsford,3,Northeast,35391
01864,15642,0.12171980565145124,0.19178982866641092,0.2808537974683544,0.2220761283723309,0.13313501470400207,North Reading,3,Northeast,15865
01867,25100,0.11689760956175299,0.41386797609561754,0.20687868525896413,0.25180693227091633,0.15903009561752987,Reading,3,Northeast,25400
01876,31002,0.35407005999612934,0.5022931262499193,0.26573617508547837,0.3648480452874008,0.3247095735758983,Tewksbury,3,Northeast,31178
01879,19418,0.4449533680090637,0.3851255484601916,0.42368785662787106,0.2188118704294984,0.3243678030693172,Tyngsborough,3,Northeast,12527
01880,26960,0.26001169139465874,0.4078427448071216,0.2849349369436202,0.3634653635014837,0.27805251854599405,Wakefield,3,Northeast,27045
01886,24194,0.07528726957096801,0.31314365545176487,0.40451683888567413,0.1738474952467554,0.12429399851202777,Westford,3,Northeast,24817
01887,23658,0.20001171696677655,0.40341932538676134,0.285340975568518,0.4159317693803365,0.27092412291825174,Wilmington,4,Metro West,23445
01890,32289,0.16654757347703553,0.3592762674595063,0.47042292111864725,0.38019501068475325,0.2753842980581622,Winchester,4,Metro West,22799
01901,14897,0.8741385111096194,0.9209714372021212,0.9668236087802914,0.96180567228301,0.98063536282473,Lynn,3,Northeast,94299
01902,64594,0.8155668668916617,0.7751468851596123,0.9257824782487537,0.7289331656190977,0.8647117843762578,Lynn,3,Northeast,94299
01904,36704,0.6769982971883174,0.5632433222537053,0.7942625899084568,0.49357439516129026,0.6567103285745423,Lynn,3,Northeast,94299
01905,42502,0.6956640840431039,0.5792444355559738,0.8036162839395793,0.5830783374900005,0.6953532751399935,Lynn,3,Northeast,94299
01906,31692,0.5930892685851319,0.6784980626025495,0.4618964943834406,0.5474932443518868,0.6337984096932979,Saugus,3,Northeast,28361
01907,24046,0.3466005739000249,0.6817133702071031,0.41916727106379437,0.6331992098477918,0.5255620061548698,Swampscott,3,Northeast,15298
01908,3495,0.0267,0.6346999999999999,0.2187,0.2346,0.1421,Nahant,3,Northeast,3513
01913,17378,0.37007689607549776,0.6695881401772356,0.14727651053055585,0.49642898492346643,0.41872763839337096,Amesbury,3,Northeast,17532
01915,41731,0.37422065131437066,0.32426451319163213,0.25113591574608807,0.5198263640938391,0.36422173204572145,Beverly,3,Northeast,42174
01921,8270,0.0973,0.3721,0.1552,0.0165,0.0199,Boxford,3,Northeast,8332
01922,7031,0.2618,0.3892,0.1046,0.0857,0.1009,Newbury,3,Northeast,7148
01923,27631,0.34944018674676997,0.6229498136151425,0.2032244725127574,0.6119685244833701,0.454587333067931,Danvers,3,Northeast,27549
01929,3713,0.2193,0.6129,0.1196,0.0357,0.081,Essex,3,Northeast,3799
01930,30049,0.5188062198409266,0.45486013178475154,0.26703404106625844,0.3120140969749409,0.3608929248893474,Gloucester,3,Northeast,30430
01937,4283,0.4202,0.6101,0.5844,0.9609000000000001,0.7234,NA,NA,NA,NA
01938,13901,0.2900247248399396,0.5422229120207179,0.167317574275232,0.35323755125530537,0.2967161571109992,Ipswich,3,Northeast,14074
01940,29899,0.30440407371483996,0.4714545737315629,0.35025190474597817,0.14301116759757854,0.24240393993110138,Lynnfield,3,Northeast,12999
01944,5370,0.2207,0.6778,0.0902,0.1879,0.1784,Manchester,3,Northeast,5434
01945,20488,0.18775244533385396,0.6488869582194455,0.25560841468176493,0.07934544123389302,0.14663857868020305,Marblehead,3,Northeast,20555
01949,9779,0.4112,0.5363,0.3691,0.6433,0.523,Middleton,3,Northeast,10110
01950,17990,0.2052437909949972,0.40639141745414126,0.259878849360756,0.3271856864924958,0.24084038910505837,Newburyport,3,Northeast,18289
01951,7031,0.2618,0.3892,0.1046,0.0857,0.1009,Newbury,3,Northeast,7148
01952,9209,0.5190968400477793,0.49810507112607233,0.16529240959930502,0.6691163970029319,0.5102291128244109,Salisbury,3,Northeast,9534
01960,52865,0.5337438456445663,0.5857363283836187,0.4635206393644188,0.4872527494561619,0.544176642390996,Peabody,3,Northeast,53070
01966,7212,0.3321329450915142,0.5403296173044925,0.040743094841930116,0.17994126455906823,0.18765191347753743,Rockport,3,Northeast,7282
01969,6298,0.1179,0.288,0.0636,0.1735,0.07,Rowley,3,Northeast,6473
01970,43302,0.5832129624497714,0.5068689090573184,0.6390135767401043,0.6630391667821347,0.6386260657706341,Salem,3,Northeast,43226
01982,8020,0.22857890274314216,0.38239907730673317,0.1345198753117207,0.5817465710723192,0.2823136159600998,Hamilton,3,Northeast,8051
01983,6551,0.2769,0.8953000000000001,0.1429,0.21600000000000003,0.3219,Topsfield,3,Northeast,6641
01984,5208,0.024,0.1005,0.2468,0.7503,0.1675,Wenham,3,Northeast,5278
01985,4581,0.2666,0.528,0.1237,0.24210000000000004,0.2093,West Newbury,3,Northeast,4714
02019,17016,0.34498302773859896,0.2099654442877292,0.22681937000470145,0.16259304184297135,0.14919670897978374,Bellingham,2,Central,17270
02021,23134,0.22909119045560647,0.516946325754301,0.4717590386444195,0.5173958070372611,0.4131867727154837,Canton,4,Metro West,23805
02025,8449,0.1878,0.5616,0.0096,0.3313,0.1833,Cohasset,4,Metro West,8548
02026,25377,0.28445486464121056,0.36530176931867436,0.4559800843283288,0.542666958269299,0.41123478740591873,Dedham,4,Metro West,25219
02030,5987,0.0014,0.4446,0.3206,0.05280000000000001,0.0309,Dover,4,Metro West,6127
02032,6865,0.2029,0.3474999999999999,0.3787,0.025399999999999995,0.0741,Walpole,4,Metro West,25200
02035,17535,0.38854105503279157,0.5983282919874537,0.18380852010265186,0.3536102309666382,0.3414833076703735,Foxborough,4,Metro West,18399
02038,33022,0.22967507419296226,0.292869992732118,0.255281206468415,0.20341818181818183,0.1620663315365514,Franklin,2,Central,34087
02043,23298,0.07868490857584343,0.4872689844621856,0.0987854622714396,0.2687287535410765,0.13406525452828572,Hingham,4,Metro West,24679
02045,10424,0.33189378357636223,0.4288348810437453,0.18782538372985416,0.14392173829623944,0.18539641212586339,Hull,4,Metro West,10475
02047,6964,0.2282,0.5773,0.1818,0.1948,0.1956,Scituate,4,Metro West,18924
02048,23761,0.22297835528807708,0.23139973065106687,0.3333053785615084,0.42823247338074993,0.2582072892555027,Mansfield,5,Southeast,24470
02050,32718,0.3585409315972859,0.5852238920471912,0.142755281496424,0.19389081239684577,0.23841669723088207,Marshfield,5,Southeast,25967
02052,12748,0.06400275337307813,0.2647719956071541,0.19262789457169752,0.1755563539378726,0.0796255177282711,Medfield,4,Metro West,12955
02053,13244,0.2424045983086681,0.31694112050739953,0.1867171247357294,0.14442595137420716,0.12567690274841437,Medway,2,Central,13479
02054,8202,0.0802,0.4487,0.2864,0.3539,0.2073,Millis,4,Metro West,8310
02056,11748,0.2341946629213483,0.12158539325842696,0.3752484082397004,0.0803743445692884,0.08222322097378278,Norfolk,4,Metro West,12003
02061,16984,0.19741932995760716,0.5321930581723976,0.06106882359868111,0.4529574364107395,0.26386289448893074,Norwell,4,Metro West,11153
02062,29201,0.3673210643471114,0.4582085647751789,0.438715468648334,0.5568314509777063,0.46282779699325366,Norwood,4,Metro West,29725
02066,18591,0.15548678930665374,0.4792162982088108,0.1042288849443279,0.12518627830670753,0.10538125437039428,Scituate,4,Metro West,18924
02067,18400,0.09620523369565216,0.3885200597826087,0.4800243423913043,0.20729829347826087,0.18682140217391302,Sharon,4,Metro West,18895
02071,18778,0.385063036532112,0.2101351155607626,0.49912475769517517,0.2976572052401747,0.2905999360954308,Walpole,4,Metro West,25200
02072,36091,0.44828018896677846,0.5507095757945194,0.5951338727106481,0.322371402842814,0.45277120334709486,Stoughton,5,Southeast,28915
02081,30697,0.2496122389810079,0.40157778284522916,0.38269821806691207,0.2744134801446395,0.2561013063165782,Walpole,4,Metro West,25200
02090,26990,0.27177741385698406,0.5916147017413856,0.355232823267877,0.5125584846239348,0.410875483512412,Westwood,4,Metro West,16400
02093,11734,0.21434446906425772,0.24912733935571843,0.11703289585818986,0.26723664564513383,0.12556698483040737,Wrentham,4,Metro West,12023
02108,18361,0.46541860465116275,0.1510274059147105,0.48465763847285004,0.7900578454332553,0.5285775720276673,Back Bay Downtown,6,Boston,55698
02109,20167,0.45331352209054393,0.14931549561164276,0.5196620964942729,0.8361834730004463,0.5383251301631378,Back Bay Downtown,6,Boston,55698
02110,12630,0.6299041171813143,0.19977775138558984,0.6316321852731591,0.9917098574821853,0.7524858273950911,Back Bay Downtown,6,Boston,55698
02111,12697,0.7796922737654565,0.08236637788453964,0.8941015042923525,0.9923661101047491,0.8340860203197605,South End,6,Boston,35756
02113,14906,0.32879491479940964,0.17999580705756071,0.34014455252918285,0.7568168925264994,0.40264402924996645,Back Bay Downtown,6,Boston,55698
02114,23262,0.314443818244347,0.13403727968360415,0.4139478290774654,0.7244631201100508,0.39503931304273066,Back Bay Downtown,6,Boston,55698
02115,54474,0.7310450673715901,0.12143997503396116,0.7170073686529354,0.968135941917245,0.7138380787164519,Fenway,6,Boston,54727
02116,42755,0.4317428020114606,0.1037291568237633,0.6698806806221494,0.8547352286282307,0.5319197216699801,Back Bay Downtown,6,Boston,55698
02118,42797,0.674756929224011,0.38030728789401125,0.7737501086524757,0.8500305184942869,0.7203510853564502,South End,6,Boston,35756
02119,46674,0.9105848523803403,0.6498476367999314,0.9026693191069974,0.8128455778377685,0.8919366885203753,Roxbury,6,Boston,43127
02120,30646,0.8891399628010181,0.42136071265417996,0.8348763035959016,0.8947606539189453,0.8700644195000978,Roxbury,6,Boston,43127
02121,42446,0.9473239268717901,0.9207714060217688,0.9194030226640908,0.7466120411817367,0.9415623780803846,Dorchester Uphams,6,Boston,64277
02122,52407,0.744687532199897,0.57554397313336,0.8580050890148262,0.5948830995859332,0.7480539279103936,Dorchester Codman,6,Boston,80880
02124,71852,0.8375129140455381,0.8021989589712186,0.8625861799254022,0.6623278127261594,0.8480509032455603,Dorchester Codman,6,Boston,80880
02125,43351,0.8203440128255404,0.5490268782727042,0.8935221632718968,0.6690397776291205,0.806109289289751,Dorchester Uphams,6,Boston,64277
02126,49817,0.8640867274223659,0.8873553786859907,0.9068995202440935,0.7502659714555273,0.9052692293795291,Mattapan,6,Boston,29591
02127,43489,0.3649383315321115,0.23450544505507143,0.4408690979328106,0.626109820874244,0.35543806249856286,South Boston,6,Boston,40094
02128,46927,0.7919291857566007,0.5546424915293967,0.9507168495748716,0.8369748971807276,0.8521982419502632,East Boston,6,Boston,46927
02129,19414,0.3425045122076852,0.23462949933038013,0.6184213866282064,0.56872843824044506,0.3991709333470691,Charlestown,6,Boston,19414
02130,53755,0.5504186791926332,0.32253296809599113,0.7469240200911543,0.6232158738721979,0.5978199962794158,Jamaica Plain,6,Boston,40377
02131,49743,0.6329391452063607,0.5656355446997567,0.8022511629777054,0.5561895281748186,0.6889500552841606,Roslindale,6,Boston,33771
02132,43428,0.4171507414571245,0.4585698512480427,0.5887685617573916,0.5965475568757483,0.5327960371189094,West Roxbury,6,Boston,28487
02134,37679,0.6592037155975478,0.03425994320443748,0.7131778072666473,0.847831683431089,0.5743105071790653,Allston Brighton,6,Boston,66585
02135,54669,0.5899809453255044,0.10130171943880445,0.7087565731950465,0.773993414915217,0.5615587627357369,Allston Brighton,6,Boston,66585
02136,44462,0.743107725698349,0.7353229004543206,0.8620078808870496,0.6851472808240745,0.8228198709009942,Hyde Park,6,Boston,68446
02138,61836,0.40167522640533027,0.1364069603467236,0.5059758085904651,0.7464271023352093,0.42346729089850577,Cambridge,4,Metro West,118927
02139,55969,0.46213340241919637,0.07720884239489717,0.5642218102878379,0.7823635173042219,0.4589989583519448,Cambridge,4,Metro West,118927
02140,38096,0.34108243647627046,0.11073529504409911,0.5305594445611087,0.7719619356362872,0.42474310163796725,Cambridge,4,Metro West,118927
02141,20444,0.43941229700645673,0.1473342887888867,0.7023023380943063,0.611576711993739,0.4497298718450401,Cambridge,4,Metro West,118927
02142,13792,0.507548752900232,0.12668281612529003,0.6122915023201856,0.7982701203596287,0.5180551696635731,Cambridge,4,Metro West,118927
02143,33041,0.44068106897490994,0.08931164916316092,0.6215813292575891,0.7300292485094277,0.4122822341938803,Somerville,4,Metro West,81360
02144,40028,0.29396330068951737,0.0520123338662936,0.44822937943439595,0.530528712401319,0.22807002348356153,Somerville,4,Metro West,81360
02145,32698,0.5976060737659795,0.1364859104532387,0.7522956786347789,0.7180623340877118,0.5799067282402594,Somerville,4,Metro West,81360
02148,65293,0.7108093869174337,0.36591334293109523,0.852629023019313,0.7204944358507038,0.7453886480939764,Malden,3,Northeast,60470
02148,65293,0.7108093869174337,0.36591334293109523,0.852629023019313,0.7204944358507038,0.7453886480939764,Malden,3,Northeast,60470
02149,49068,0.7616544733838755,0.5427897040841282,0.8723923432787153,0.689934280997799,0.7946761799951089,Everett,3,Northeast,46451
02150,39852,0.8140808491418248,0.7110294138311753,0.963483373481883,0.837568071865904,0.8885439250225836,Chelsea,6,Boston,39690
02151,59479,0.7367658165066662,0.5351942517527194,0.8418401183611023,0.6941944972175054,0.7799411540207468,Revere,6,Boston,53073
02151,59479,0.7367658165066662,0.5351942517527194,0.8418401183611023,0.6941944972175054,0.7799411540207468,Revere,6,Boston,53073
02152,18535,0.44164268141354196,0.4586256056110062,0.42168435392500675,0.4435601618559482,0.4498762881035878,Winthrop,6,Boston,18544
02155,84322,0.40143457460686416,0.149101888000759,0.5927121640852921,0.5328511147743175,0.3907115972106923,Medford,3,Northeast,57341
02163,6100,0.732,0.0041,0.4921,0.9403,0.5532,Allston Brighton,6,Boston,66585
02169,60981,0.585598978370312,0.36086412161164955,0.7378757399845853,0.6296427657795051,0.6097906675849856,Quincy,4,Metro West,94470
02170,27900,0.6360422508960574,0.1378317240143369,0.8693989426523296,0.6146834874551972,0.5986919283154122,Quincy,4,Metro West,94470
02171,23249,0.5159041507161598,0.12243999311798358,0.8370610951008646,0.6618634564927524,0.5632094756763733,Quincy,4,Metro West,94470
02176,28116,0.16339598804950917,0.27757159624413147,0.3274203122777066,0.4183096208564518,0.23810656565656566,Melrose,3,Northeast,28016
02180,22144,0.3117054732658959,0.42506972091763,0.3428509844653179,0.3859010612355492,0.33202011380057805,Stoneham,3,Northeast,24126
02184,37207,0.36159432096110944,0.5010614104872739,0.5388770312038057,0.5149507834547262,0.49260792861558306,Braintree,4,Metro West,37190
02186,34282,0.30090364039437606,0.4490145149057814,0.49944773933842834,0.3614275363164343,0.34307237034012017,Milton,4,Metro West,27593
02188,30231,0.5484291091925506,0.43573716053058126,0.4107370877575998,0.5420903245013396,0.5126566140716483,Weymouth,4,Metro West,57746
02189,32296,0.5620515822392865,0.5194293751548179,0.4291912775575923,0.5707697361902402,0.5687358372553877,Weymouth,4,Metro West,57746
02190,23367,0.4613727692900244,0.27606843411648907,0.4745727436127873,0.4116573586682073,0.40101721658749523,Weymouth,4,Metro West,57746
02191,14913,0.4978203245490512,0.30435284650975664,0.16013584121236507,0.34189175216254275,0.320419312009656,Weymouth,4,Metro West,57746
02199,3145,0.1343,0.11559999999999998,0.5701,0.6139,0.3034,Back Bay Downtown,6,Boston,55698
02203,5555,0.6038,0.38709999999999994,0.3609,0.9986,0.7852,NA,NA,NA,NA
02210,15052,0.4149951302152538,0.034180102311985115,0.5990232859420674,0.8798776508105234,0.4334657919213393,South Boston,6,Boston,40094
02215,64498,0.6949341281900214,0.061666890446215386,0.6995638376383764,0.939054998604608,0.6519824723247232,Fenway,6,Boston,54727
02301,62929,0.8287519442546362,0.7675179774031051,0.8863112666656073,0.7140611307982012,0.8599548586502249,Brockton,5,Southeast,95708
02302,34712,0.7528024890527771,0.7614866587923484,0.7902779442267803,0.49660929073519244,0.755610866559115,Brockton,5,Southeast,95708
02322,4482,0.5915,0.2585,0.6042,0.4451,0.536,Avon,5,Southeast,4549
02324,25744,0.5266954047545058,0.3492485122747048,0.3177407745494096,0.40670049331883157,0.38398384866376634,Bridgewater,5,Southeast,27619
02330,11661,0.5535696166709545,0.5606952319698139,0.22082302546951377,0.36989541205728493,0.4290752937140897,Carver,5,Southeast,11767
02332,15703,0.14031599057504937,0.5699159459975801,0.031990530471884354,0.18691425842195758,0.11135474113226772,Duxbury,5,Southeast,15921
02333,14386,0.48246755178645906,0.6439262060336438,0.24695041012095093,0.2915065688864173,0.3966290351730849,East Bridgewater,5,Southeast,14526
02338,7824,0.414,0.1717,0.0314,0.3841,0.2052,Halifax,5,Southeast,7896
02339,14397,0.15738032228936585,0.5440870320205599,0.0885585121900396,0.2000083211780232,0.13900828644856567,Hanover,5,Southeast,14570
02341,15677,0.283950220067615,0.2850934107290936,0.08650044013522995,0.10012134974803853,0.07980015309051477,Hanson,5,Southeast,10914
02343,11036,0.4624469554186299,0.6936133744110184,0.514874420079739,0.2865165096049293,0.4841833725987677,Holbrook,5,Southeast,11033
02346,24505,0.35648939808202407,0.5446469536829218,0.1951625300958988,0.502586276270149,0.3811866108957356,Middleborough,5,Southeast,25463
02347,13918,0.28859567466590025,0.5338569622072137,0.0790218996982325,0.3537398189395028,0.2768425707716626,Lakeville,5,Southeast,11561
02351,21043,0.42780821175687883,0.37585349047189087,0.47559806586513326,0.22948146652093335,0.34334214228009313,Abington,5,Southeast,16668
02356,19218,0.23787814548860442,0.38924021230096784,0.27827560620251846,0.39979217400353834,0.2517601831616193,Easton,5,Southeast,25105
02357,5390,0.3681,0.1231,0.1654,0.7531,0.3391,Easton,5,Southeast,25105
02359,18304,0.2881174060314685,0.411835347465035,0.05784702797202798,0.21523141389860137,0.1640370410839161,Pembroke,5,Southeast,18509
02360,59331,0.335280858235998,0.4593000960711938,0.19330878124420622,0.40044210277932274,0.3059626401038243,Plymouth,5,Southeast,61528
02364,13381,0.3805737613033406,0.6298434123010238,0.1594447574919662,0.5574959420073238,0.4395180255586279,Kingston,5,Southeast,13863
02366,6789,0.34269999999999995,0.1313,0.3028,0.6001,0.324,NA,NA,NA,NA
02367,2945,0.3797,0.23530000000000004,0.028000000000000004,0.2209,0.1434,Plympton,5,Southeast,2987
02368,39451,0.7132569668702948,0.6994788040860814,0.7761771235203163,0.4580421282096779,0.7194572938582038,Randolph,4,Metro West,34362
02370,17909,0.42255505611703614,0.5666895918253392,0.2205016695516221,0.5149758277960802,0.4356365123680831,Rockland,5,Southeast,17986
02375,24306,0.29038294248333746,0.4165704270550481,0.28026935736032255,0.4470398255574755,0.3096904138895746,Easton,5,Southeast,25105
02379,7165,0.3652122958827635,0.44429077459874383,0.06357560362875087,0.3964309560362875,0.29344766224703417,West Bridgewater,5,Southeast,7281
02382,14961,0.45726611189091637,0.5966926809705233,0.11835764988971326,0.34130372969721273,0.36540242630840186,Whitman,5,Southeast,15216
02420,27575,0.05788787669990934,0.45432883408884855,0.6131041486854034,0.293505737080689,0.25648988939256573,Lexington,4,Metro West,33132
02421,27979,0.11359746238250115,0.492924014439401,0.6262354122734909,0.34852153043353945,0.320470599378105,Lexington,4,Metro West,33132
02445,43384,0.17882387746634706,0.31787777752166696,0.5782947353863175,0.7207040429651485,0.43162046146044625,Brookline,6,Boston,59121
02446,35501,0.25497771048702855,0.11575196473338778,0.586507394157911,0.8661720345905749,0.4564610264499591,Brookline,6,Boston,59121
02451,24402,0.43409472174411934,0.12727299401688386,0.6559317432997296,0.5905955413490698,0.4721912220309811,Waltham,4,Metro West,62495
02452,39250,0.4485889299363057,0.13611982929936306,0.6327155872611465,0.6950688815286624,0.521316476433121,Waltham,4,Metro West,62495
02453,34866,0.5100164544255148,0.13519266047151954,0.6918071100785865,0.6791665117879883,0.5360483422245167,Waltham,4,Metro West,62495
02457,5083,0.1357,0.0821,0.5277,0.7421,0.302,NA,NA,NA,NA
02458,22388,0.17154781132749689,0.3468118500982669,0.5731055431481151,0.43595774075397536,0.34096701804538143,Newton,4,Metro West,88414
02459,33575,0.11238886075949367,0.5121016023827253,0.5488424839910647,0.4312663261355175,0.32038711243484735,Newton,4,Metro West,88414
02460,25431,0.11312845739451849,0.555443368329991,0.5532787070897723,0.42254858243875587,0.3381948134166962,Newton,4,Metro West,88414
02461,27891,0.05251609479760496,0.5856008999318777,0.5635230325194507,0.3837199598436771,0.29970212971926424,Newton,4,Metro West,88414
02462,8731,0.08579660978123926,0.21090186691100676,0.42349819035620206,0.5744864162180735,0.2679551483220708,Newton,4,Metro West,88414
02464,9396,0.06012058322690507,0.5787848446147297,0.6307557045551297,0.3567871434653044,0.30618390804597695,Newton,4,Metro West,88414
02465,25545,0.12229920923859855,0.4480205441377961,0.5284436523781562,0.45475469954981407,0.3253648815815228,Newton,4,Metro West,88414
02466,25545,0.12229920923859855,0.4480205441377961,0.5284436523781562,0.45475469954981407,0.3253648815815228,Newton,4,Metro West,88414
02467,51089,0.21051106500420835,0.43416533500362114,0.56484301317309,0.5934466597506313,0.4202116169821292,Newton,4,Metro West,88414
02467,51089,0.21051106500420835,0.43416533500362114,0.56484301317309,0.5934466597506313,0.4202116169821292,Newton,4,Metro West,88414
02467,51089,0.21051106500420835,0.43416533500362114,0.56484301317309,0.5934466597506313,0.4202116169821292,Newton,4,Metro West,88414
02468,13709,0.027544977751841858,0.5645678678240572,0.44340756437376905,0.32466888905098834,0.21889425924575098,Newton,4,Metro West,88414
02472,57490,0.27769915811445467,0.29756007653504957,0.5417565193946774,0.43498825360932336,0.36007133066620284,Watertown,4,Metro West,35939
02474,40950,0.2074139706959707,0.37168078388278386,0.5542799755799755,0.4711611868131868,0.3669701807081807,Arlington,4,Metro West,45531
02476,28827,0.1839961216914698,0.3447126860235196,0.5460952371041038,0.6552358379297187,0.42948111839594827,Arlington,4,Metro West,45531
02478,26043,0.21595174903044964,0.44970484967169677,0.5828252966248129,0.27654846215873746,0.29743628230234614,Belmont,4,Metro West,26116
02481,29201,0.14877627478511007,0.28530581144481354,0.4048955241258861,0.3261116639841102,0.1848832060545872,Wellesley,4,Metro West,28670
02482,21140,0.1269933159886471,0.21975709082308423,0.41916281929990534,0.36225891674550614,0.1608727152317881,Wellesley,4,Metro West,28670
02492,30735,0.11220495851634946,0.48987660647470316,0.37183843826256713,0.38429611517813567,0.26990701805758904,Needham,4,Metro West,31388
02493,12067,0.10067438468550592,0.6809764813126709,0.461283773928897,0.5026597082953509,0.39082625341841387,Weston,4,Metro West,12124
02494,19664,0.15248108726607,0.4404987184703011,0.40019131407648495,0.2611873169243287,0.24269768104149714,Needham,4,Metro West,31388
02532,29001,0.4136518947622496,0.5428992069238991,0.24868034550532742,0.3880673804351574,0.3783052998172477,Bourne,5,Southeast,19762
02532,29001,0.4136518947622496,0.5428992069238991,0.24868034550532742,0.3880673804351574,0.3783052998172477,Bourne,5,Southeast,19762
02534,4331,0.2022,0.6915,0.2522,0.7209,0.4598,Bourne,5,Southeast,19762
02535,4218,0.1241,0.3865,0.1634,0.2846,0.15310000000000001,Chilmark,5,Southeast,922
02535,4218,0.1241,0.3865,0.1634,0.2846,0.15310000000000001,Aquinnah,5,Southeast,320
02536,23500,0.488384255319149,0.5838041787234043,0.2565006765957447,0.2845680765957447,0.37689110638297874,Falmouth,5,Southeast,30993
02537,17267,0.2069443968263161,0.35653335263797997,0.14032906700642844,0.09296346788672033,0.08138224937742515,Sandwich,5,Southeast,20169
02538,15895,0.6672374457376533,0.7441491412393834,0.3712609374016987,0.5759245486001887,0.6611227115445109,Wareham,5,Southeast,22745
02539,4306,0.2844,0.1689,0.5195,0.2051,0.2086,Edgartown,5,Southeast,4348
02540,21327,0.2758600178177897,0.46236956440193183,0.198714235476157,0.2847071411825386,0.2296775870961692,Falmouth,5,Southeast,30993
02542,10217,0.2723330527552119,0.6500874914358422,0.23619714201820496,0.3823620534403445,0.3196780072428306,Bourne,5,Southeast,19762
02543,7848,0.11679189602446483,0.3982022171253823,0.13430634556574925,0.3756737767584098,0.18131483180428132,Falmouth,5,Southeast,30993
02553,4970,0.1302,0.22440000000000002,0.2891,0.1468,0.0954,Bourne,5,Southeast,19762
02554,11101,0.30167958742455636,0.33618260517070536,0.3385251328709125,0.43391841275560755,0.32879371227817317,Nantucket,5,Southeast,11399
02556,4047,0.1076,0.4617,0.0096,0.0823,0.046,Falmouth,5,Southeast,30993
02557,4686,0.2467,0.5438,0.136,0.5219,0.337,Oak Bluffs,5,Southeast,4667
02558,4023,0.7169,0.3803,0.3124,0.2435,0.4722,Wareham,5,Southeast,22745
02559,9301,0.1637267175572519,0.4419045801526718,0.2719175572519084,0.4141290076335878,0.26508244274809156,Bourne,5,Southeast,19762
02561,4977,0.316,0.6943,0.2146,0.0768,0.2011,Bourne,5,Southeast,19762
02562,8035,0.3141731922837585,0.5995343497199751,0.1594532420659614,0.167912034847542,0.21468688238954572,Bourne,5,Southeast,19762
02563,25302,0.24099638368508422,0.4337016797091139,0.14640221326377362,0.11676442178483915,0.12371497905303927,Sandwich,5,Southeast,20169
02564,1116,0.0918,0.4384,0.0198,0.1866,0.0782,Nantucket,5,Southeast,11399
02568,13007,0.331070239102022,0.5322519028215577,0.1946943107557469,0.40709324978857536,0.3492536711001768,Oak Bluffs,5,Southeast,4667
02568,13007,0.331070239102022,0.5322519028215577,0.1946943107557469,0.40709324978857536,0.3492536711001768,Tisbury,5,Southeast,4096
02571,18551,0.6469491509891651,0.8846382674788421,0.3204935906420139,0.5401755053635923,0.6666932294755,Wareham,5,Southeast,22745
02575,4218,0.1241,0.3865,0.1634,0.2846,0.15310000000000001,West Tisbury,5,Southeast,2904
02576,12206,0.5505096673767,0.7126580452236604,0.18583436015074553,0.2785734884483041,0.44873713747337374,Wareham,5,Southeast,22745
02584,1116,0.0918,0.4384,0.0198,0.1866,0.0782,NA,NA,NA,NA
02601,25905,0.5978483111368462,0.6536958926848099,0.44718975487357654,0.5374973750241266,0.5831807913530207,Barnstable,5,Southeast,44477
02630,7707,0.35931880108991826,0.6251814713896457,0.27134305177111717,0.3233204359673024,0.3327604904632152,Barnstable,5,Southeast,44477
02631,12912,0.24902410161090457,0.33215715613382896,0.07980938661710038,0.6069939281288724,0.3036714064436183,Brewster,5,Southeast,9775
02632,14979,0.37720134855464316,0.4014765204619801,0.17636054476266771,0.29813302623673144,0.2703488016556512,Barnstable,5,Southeast,44477
02633,6155,0.2799883671811535,0.4432565556458164,0.15342950446791226,0.22702281072298944,0.20552719740048742,Chatham,5,Southeast,5982
02635,4560,0.2577,0.4473,0.0294,0.1029,0.0981,Barnstable,5,Southeast,44477
02637,4788,0.087,0.6081,0.013,0.0521,0.0398,Barnstable,5,Southeast,44477
02638,5449,0.49041833363919984,0.6513978161130483,0.14245567994127362,0.22058574050284457,0.31001545237658285,Dennis,5,Southeast,13871
02639,10799,0.593770941753866,0.7723849245300491,0.2780944346698768,0.4117466617279377,0.5648372441892768,Dennis,5,Southeast,13871
02641,2891,0.4907,0.6867,0.257,0.3909,0.47079999999999994,Dennis,5,Southeast,13871
02642,4893,0.4302356631923156,0.49432033517269564,0.1649279991825056,0.0621411812793787,0.17628726752503576,Eastham,5,Southeast,4906
02643,2777,0.19950000000000004,0.2852,0.0704,0.2195,0.116,NA,NA,NA,NA
02644,6491,0.21730000000000002,0.2572,0.272,0.1118,0.1091,Sandwich,5,Southeast,20169
02645,22010,0.27217538391640167,0.42784556110858696,0.10988450704225353,0.38305935938209906,0.25909482962289865,Harwich,5,Southeast,12142
02646,7470,0.4512322623828648,0.47887737617135206,0.25499518072289157,0.3067783801874163,0.35648219544846044,Harwich,5,Southeast,12142
02647,3657,0.7327,0.8474999999999999,0.6869,0.9177,0.8524,Barnstable,5,Southeast,44477
02648,17613,0.31639058082098453,0.37153231136092657,0.07871678305796855,0.12822625901322887,0.1204480383807415,Barnstable,5,Southeast,44477
02649,22080,0.375647169384058,0.5780890987318841,0.2067356838768116,0.21030018115942029,0.29086308876811595,Mashpee,5,Southeast,14229
02650,3077,0.3516,0.4029,0.2796,0.39440000000000003,0.3459,Chatham,5,Southeast,5982
02651,2462,0.5613,0.4583,0.0909,0.0686,0.21349999999999997,NA,NA,NA,NA
02652,1254,0.5517,0.2175,0.2105,0.3155,0.3246,Truro,5,Southeast,2008
02653,11141,0.25187544206085627,0.3613798043263621,0.09077587290189391,0.6957784669239745,0.35171079795350507,Orleans,5,Southeast,5788
02655,12111,0.2936969614400132,0.378707885393444,0.1597055982164974,0.1442556271158451,0.1410333993889852,Barnstable,5,Southeast,44477
02657,2960,0.5846,0.3659,0.22350000000000003,0.8203,0.5854,Provincetown,5,Southeast,2961
02659,3078,0.2084,0.48360000000000003,0.027300000000000005,0.05970000000000001,0.0652,Chatham,5,Southeast,5982
02660,8440,0.5503999881516588,0.6855036018957346,0.25722513033175354,0.3730205450236967,0.4968005805687204,Dennis,5,Southeast,13871
02663,3481,0.6196,0.5629,0.0957,0.5658,0.5244,Wellfleet,5,Southeast,2724
02664,12574,0.44481242245904246,0.6037161603308414,0.21584633370446957,0.20080090663273423,0.3153266422777159,Yarmouth,5,Southeast,23203
02666,1254,0.5517,0.2175,0.2105,0.3155,0.3246,Truro,5,Southeast,2008
02667,7197,0.5878254828400722,0.46693545921911905,0.11406065027094621,0.3521022648325691,0.3832321522856746,Wellfleet,5,Southeast,2724
02668,13937,0.2538432733012843,0.4328410848819688,0.05527739829231541,0.07462414436392338,0.0759210231757193,Barnstable,5,Southeast,44477
02669,3078,0.2084,0.48360000000000003,0.027300000000000005,0.05970000000000001,0.0652,NA,NA,NA,NA
02670,1759,0.3208,0.1813,0.1859,0.2325,0.1489,Dennis,5,Southeast,13871
02671,7009,0.5349775146240547,0.6933215579968611,0.2713863318590384,0.40479643315736913,0.5035922956199173,Harwich,5,Southeast,12142
02672,7799,0.4760755096807283,0.5706939479420439,0.3449818566482882,0.5869348249775611,0.48281187331709197,Barnstable,5,Southeast,44477
02673,17047,0.5895699653898047,0.5042362057840089,0.32825307092156975,0.3504709919633953,0.4365484777380184,Yarmouth,5,Southeast,23203
02675,11225,0.16223346993318485,0.6558965701559021,0.08198146102449888,0.09110678841870823,0.11476195991091313,Yarmouth,5,Southeast,23203
02702,4963,0.4681,0.2004,0.1141,0.1872,0.173,Freetown,5,Southeast,9394
02703,51377,0.5322648656013391,0.6006957471241996,0.3976765829067481,0.469535560659439,0.5106474278373591,Attleboro,5,Southeast,45237
02713,4218,0.1241,0.3865,0.1634,0.2846,0.15310000000000001,Gosnold,5,Southeast,75
02715,13515,0.37634401035886056,0.3857152127266001,0.1816683388827229,0.32933396226415096,0.26105538290788016,Dighton,5,Southeast,7967
02717,9251,0.4998972975894498,0.4197828126689006,0.1372295211328505,0.2078728786077181,0.27001420386985187,Freetown,5,Southeast,9394
02718,16038,0.4652975682753461,0.6227472128694351,0.2854761316872428,0.3754716423494201,0.43727609427609426,Taunton,5,Southeast,57464
02718,16038,0.4652975682753461,0.6227472128694351,0.2854761316872428,0.3754716423494201,0.43727609427609426,Taunton,5,Southeast,57464
02719,16026,0.6101067515287658,0.7047079745413702,0.2889839885186572,0.4151465368775739,0.518450742543367,Fairhaven,5,Southeast,16078
02720,34862,0.7958835867133268,0.7508221358499225,0.5913524238425794,0.5499739401067064,0.7507208708622569,Fall River,5,Southeast,89541
02721,40497,0.8815851618638418,0.8422518309998273,0.7159096698520878,0.46797381534434646,0.8139866459243895,Fall River,5,Southeast,89541
02723,24503,0.8613994980206504,0.8582656327796596,0.6806982491939763,0.39093273068603845,0.7843461698567523,Fall River,5,Southeast,89541
02724,22762,0.9055098102099991,0.8191813065635709,0.6993292153589316,0.4753849969246991,0.8186721773130656,Fall River,5,Southeast,89541
02725,6770,0.6957,0.8605,0.3459,0.2798,0.6177000000000001,Somerset,5,Southeast,18129
02726,18207,0.5971060361399463,0.7733752677541604,0.2146181962981271,0.133911100126325,0.39105078266600757,Somerset,5,Southeast,18129
02738,5100,0.2721,0.9384,0.2208,0.2709,0.394,Marion,5,Southeast,5188
02739,6294,0.1234,0.2503,0.0355,0.0412,0.0165,Mattapoisett,5,Southeast,6401
02740,62712,0.8010056209337926,0.8392787520729685,0.6791220787090191,0.5268183744737849,0.7844075503890802,New Bedford,5,Southeast,95363
02743,13856,0.6490189376443417,0.6724595987297922,0.45451990473441106,0.6054047416281756,0.662546470842956,Acushnet,5,Southeast,10625
02744,14366,0.8978652234442434,0.8320519768898789,0.806105485173326,0.38273181122093836,0.8066952944452178,New Bedford,5,Southeast,95363
02745,28704,0.7763610890468227,0.6935790726031215,0.5928428929765887,0.43581260103121516,0.6906625418060202,New Bedford,5,Southeast,95363
02746,29092,0.8769152825519042,0.7396894507080984,0.7366249037536092,0.4163375670287364,0.7614609686511756,New Bedford,5,Southeast,95363
02747,36970,0.6306577170678929,0.4962997105761428,0.39085357587232894,0.4651918041655396,0.5133160210981877,Dartmouth,5,Southeast,34188
02748,19331,0.573063255910196,0.7072873622678599,0.37797169313537843,0.2817543789767731,0.4790638352904661,Dartmouth,5,Southeast,34188
02760,29116,0.40357294614644873,0.4889214143426295,0.3392082566286578,0.5916313779365298,0.4751999381783212,North Attleborough,5,Southeast,29364
02762,9088,0.2248,0.264,0.0465,0.6605,0.2663,Plainville,4,Metro West,9293
02763,17335,0.4305555465820594,0.45144751081626766,0.3400668993366022,0.6082756792616094,0.49270179405826364,North Attleborough,5,Southeast,29364
02764,7571,0.3215,0.1553,0.2556,0.4527,0.2505,Dighton,5,Southeast,7967
02766,19634,0.39752086686360394,0.2870735000509321,0.19738518386472445,0.3834538555566874,0.27372089232963226,Norton,5,Southeast,19948
02767,31686,0.5491138546992362,0.626859275389762,0.3580498327336994,0.46668726251341286,0.5366996780912706,Raynham,5,Southeast,14470
02769,12082,0.17755782155272307,0.23555347624565473,0.32189507531865585,0.0629954808806489,0.07473383545770568,Rehoboth,5,Southeast,12385
02770,5527,0.4414,0.4679,0.175,0.2812,0.3109,Rochester,5,Southeast,5687
02771,15210,0.377611939513478,0.498969513477975,0.14859170282708745,0.28700971729125574,0.28076083497698884,Seekonk,5,Southeast,15770
02777,16462,0.4743998724334832,0.5663399343943628,0.19054880330458027,0.21568907787632122,0.32850643907180177,Swansea,5,Southeast,16834
02779,6679,0.11169999999999998,0.1471,0.0499,0.34359999999999996,0.0851,Berkley,5,Southeast,6851
02780,56963,0.7165101838035216,0.7499161350350227,0.525996023734705,0.5518736355177922,0.6963209662412443,Taunton,5,Southeast,57464
02790,23740,0.46789088458298234,0.5885552948609941,0.2162838289806234,0.27130094776748104,0.34655418281381634,Westport,5,Southeast,16034
02791,2677,0.34,0.7715,0.024600000000000004,0.0082,0.0844,Westport,5,Southeast,16034
02861,7704,0.7005,0.8516,0.40939999999999993,0.6036,0.7152,NA,NA,NA,NA
