Day of c_Calendar Date,c_SelectTrend,c_Census Net Difference,c_Census,c_COVID 19+ label %,c_COVID 19+ label,c_dynamictotallabel,t_Census % Difference Label,c_Census Exclude COVID Status
12/01/22,COVID-19,2,136,1,136,,1.5%,
11/30/22,COVID-19,-3,134,1,134,,-2.2%,
11/29/22,COVID-19,6,137,1,137,,4.6%,
11/28/22,COVID-19,12,131,1,131,,10.1%,
11/27/22,COVID-19,13,119,1,119,,12.3%,
11/26/22,COVID-19,8,106,1,106,,8.2%,
11/25/22,COVID-19,-4,98,1,98,,-3.9%,
11/24/22,COVID-19,18,102,1,102,,21.4%,
11/23/22,COVID-19,-1,84,1,84,,-1.2%,
11/22/22,COVID-19,-1,85,1,85,,-1.2%,
11/21/22,COVID-19,-14,86,1,86,,-14.0%,
11/20/22,COVID-19,11,100,1,100,,12.4%,
11/19/22,COVID-19,-9,89,1,89,,-9.2%,
11/18/22,COVID-19,-14,98,1,98,,-12.5%,
11/17/22,COVID-19,4,112,1,112,,3.7%,
11/16/22,COVID-19,2,108,1,108,,1.9%,
11/15/22,COVID-19,-4,106,1,106,,-3.6%,
11/14/22,COVID-19,-1,110,1,110,,-0.9%,
11/13/22,COVID-19,3,111,1,111,,2.8%,
11/12/22,COVID-19,10,108,1,108,,10.2%,
11/11/22,COVID-19,0,98,1,98,,0.0%,
11/10/22,COVID-19,0,98,1,98,,0.0%,
11/09/22,COVID-19,-4,98,1,98,,-3.9%,
11/08/22,COVID-19,4,102,1,102,,4.1%,
11/07/22,COVID-19,-1,98,1,98,,-1.0%,
11/06/22,COVID-19,6,99,1,99,,6.5%,
11/05/22,COVID-19,4,93,1,93,,4.5%,
11/04/22,COVID-19,-16,89,1,89,,-15.2%,
11/03/22,COVID-19,1,105,1,105,,1.0%,
11/02/22,COVID-19,1,104,1,104,,1.0%,
11/01/22,COVID-19,-1,103,1,103,,-1.0%,
10/31/22,COVID-19,-11,104,1,104,,-9.6%,
10/30/22,COVID-19,-2,115,1,115,,-1.7%,
10/29/22,COVID-19,4,117,1,117,,3.5%,
10/28/22,COVID-19,9,113,1,113,,8.7%,
10/27/22,COVID-19,1,104,1,104,,1.0%,
10/26/22,COVID-19,-13,103,1,103,,-11.2%,
10/25/22,COVID-19,-17,116,1,116,,-12.8%,
10/24/22,COVID-19,4,133,1,133,,3.1%,
10/23/22,COVID-19,-7,129,1,129,,-5.1%,
10/22/22,COVID-19,-7,136,1,136,,-4.9%,
10/21/22,COVID-19,-16,143,1,143,,-10.1%,
10/20/22,COVID-19,-4,159,1,159,,-2.5%,
10/19/22,COVID-19,-9,163,1,163,,-5.2%,
10/18/22,COVID-19,-7,172,1,172,,-3.9%,
10/17/22,COVID-19,8,179,1,179,,4.7%,
10/16/22,COVID-19,13,171,1,171,,8.2%,
10/15/22,COVID-19,2,158,1,158,,1.3%,
10/14/22,COVID-19,3,156,1,156,,2.0%,
10/13/22,COVID-19,5,153,1,153,,3.4%,
10/12/22,COVID-19,-9,148,1,148,,-5.7%,
10/11/22,COVID-19,13,157,1,157,,9.0%,
10/10/22,COVID-19,5,144,1,144,,3.6%,
10/09/22,COVID-19,15,139,1,139,,12.1%,
10/08/22,COVID-19,4,124,1,124,,3.3%,
10/07/22,COVID-19,-5,120,1,120,,-4.0%,
10/06/22,COVID-19,1,125,1,125,,0.8%,
10/05/22,COVID-19,10,124,1,124,,8.8%,
10/04/22,COVID-19,-16,114,1,114,,-12.3%,
10/03/22,COVID-19,0,130,1,130,,0.0%,
10/02/22,COVID-19,15,130,1,130,,13.0%,
10/01/22,COVID-19,2,115,1,115,,1.8%,
09/30/22,COVID-19,-12,113,1,113,,-9.6%,
09/29/22,COVID-19,0,125,1,125,,0.0%,
09/28/22,COVID-19,-5,125,1,125,,-3.8%,
09/27/22,COVID-19,11,130,1,130,,9.2%,
09/26/22,COVID-19,5,119,1,119,,4.4%,
09/25/22,COVID-19,5,114,1,114,,4.6%,
09/24/22,COVID-19,1,109,1,109,,0.9%,
09/23/22,COVID-19,-6,108,1,108,,-5.3%,
09/22/22,COVID-19,-4,114,1,114,,-3.4%,
09/21/22,COVID-19,5,118,1,118,,4.4%,
09/20/22,COVID-19,11,113,1,113,,10.8%,
09/19/22,COVID-19,-2,102,1,102,,-1.9%,
09/18/22,COVID-19,4,104,1,104,,4.0%,
09/17/22,COVID-19,-2,100,1,100,,-2.0%,
09/16/22,COVID-19,8,102,1,102,,8.5%,
09/15/22,COVID-19,-1,94,1,94,,-1.1%,
09/14/22,COVID-19,-5,95,1,95,,-5.0%,
09/13/22,COVID-19,-9,100,1,100,,-8.3%,
09/12/22,COVID-19,7,109,1,109,,6.9%,
09/11/22,COVID-19,-3,102,1,102,,-2.9%,
09/10/22,COVID-19,-4,105,1,105,,-3.7%,
09/09/22,COVID-19,-1,109,1,109,,-0.9%,
09/08/22,COVID-19,4,110,1,110,,3.8%,
09/07/22,COVID-19,-18,106,1,106,,-14.5%,
09/06/22,COVID-19,5,124,1,124,,4.2%,
09/05/22,COVID-19,-6,119,1,119,,-4.8%,
09/04/22,COVID-19,7,125,1,125,,5.9%,
09/03/22,COVID-19,-5,118,1,118,,-4.1%,
09/02/22,COVID-19,3,123,1,123,,2.5%,
09/01/22,COVID-19,-1,120,1,120,,-0.8%,
08/31/22,COVID-19,-3,121,1,121,,-2.4%,
08/30/22,COVID-19,-5,124,1,124,,-3.9%,
08/29/22,COVID-19,8,129,1,129,,6.6%,
08/28/22,COVID-19,2,121,1,121,,1.7%,
08/27/22,COVID-19,-1,119,1,119,,-0.8%,
08/26/22,COVID-19,-4,120,1,120,,-3.2%,
08/25/22,COVID-19,5,124,1,124,,4.2%,
08/24/22,COVID-19,-3,119,1,119,,-2.5%,
08/23/22,COVID-19,-5,122,1,122,,-3.9%,
08/22/22,COVID-19,1,127,1,127,,0.8%,
08/21/22,COVID-19,9,126,1,126,,7.7%,
08/20/22,COVID-19,-1,117,1,117,,-0.8%,
08/19/22,COVID-19,1,118,1,118,,0.9%,
08/18/22,COVID-19,-7,117,1,117,,-5.6%,
08/17/22,COVID-19,8,124,1,124,,6.9%,
08/16/22,COVID-19,2,116,1,116,,1.8%,
08/15/22,COVID-19,-6,114,1,114,,-5.0%,
08/14/22,COVID-19,4,120,1,120,,3.4%,
08/13/22,COVID-19,-2,116,1,116,,-1.7%,
08/12/22,COVID-19,-1,118,1,118,,-0.8%,
08/11/22,COVID-19,0,119,1,119,,0.0%,
08/10/22,COVID-19,1,119,1,119,,0.8%,
08/09/22,COVID-19,-9,118,1,118,,-7.1%,
08/08/22,COVID-19,2,127,1,127,,1.6%,
08/07/22,COVID-19,7,125,1,125,,5.9%,
08/06/22,COVID-19,10,118,1,118,,9.3%,
08/05/22,COVID-19,-5,108,1,108,,-4.4%,
08/04/22,COVID-19,-12,113,1,113,,-9.6%,
08/03/22,COVID-19,4,125,1,125,,3.3%,
08/02/22,COVID-19,10,121,1,121,,9.0%,
08/01/22,COVID-19,-4,111,1,111,,-3.5%,
07/31/22,COVID-19,9,115,1,115,,8.5%,
07/30/22,COVID-19,-5,106,1,106,,-4.5%,
07/29/22,COVID-19,-3,111,1,111,,-2.6%,
07/28/22,COVID-19,4,114,1,114,,3.6%,
07/27/22,COVID-19,0,110,1,110,,0.0%,
07/26/22,COVID-19,-1,110,1,110,,-0.9%,
07/25/22,COVID-19,1,111,1,111,,0.9%,
07/24/22,COVID-19,3,110,1,110,,2.8%,
07/23/22,COVID-19,-9,107,1,107,,-7.8%,
07/22/22,COVID-19,-2,116,1,116,,-1.7%,
07/21/22,COVID-19,-3,118,1,118,,-2.5%,
07/20/22,COVID-19,-12,121,1,121,,-9.0%,
07/19/22,COVID-19,-7,133,1,133,,-5.0%,
07/18/22,COVID-19,1,140,1,140,,0.7%,
07/17/22,COVID-19,8,139,1,139,,6.1%,
07/16/22,COVID-19,13,131,1,131,,11.0%,
07/15/22,COVID-19,-4,118,1,118,,-3.3%,
07/14/22,COVID-19,-2,122,1,122,,-1.6%,
07/13/22,COVID-19,-2,124,1,124,,-1.6%,
07/12/22,COVID-19,-5,126,1,126,,-3.8%,
07/11/22,COVID-19,7,131,1,131,,5.6%,
07/10/22,COVID-19,10,124,1,124,,8.8%,
07/09/22,COVID-19,4,114,1,114,,3.6%,
07/08/22,COVID-19,-9,110,1,110,,-7.6%,
07/07/22,COVID-19,0,119,1,119,,0.0%,
07/06/22,COVID-19,-2,119,1,119,,-1.7%,
07/05/22,COVID-19,7,121,1,121,,6.1%,
07/04/22,COVID-19,0,114,1,114,,0.0%,
07/03/22,COVID-19,6,114,1,114,,5.6%,
07/02/22,COVID-19,6,108,1,108,,5.9%,
07/01/22,COVID-19,-2,102,1,102,,-1.9%,
06/30/22,COVID-19,-3,104,1,104,,-2.8%,
06/29/22,COVID-19,5,107,1,107,,4.9%,
06/28/22,COVID-19,-2,102,1,102,,-1.9%,
06/27/22,COVID-19,-2,104,1,104,,-1.9%,
06/26/22,COVID-19,-1,106,1,106,,-0.9%,
06/25/22,COVID-19,2,107,1,107,,1.9%,
06/24/22,COVID-19,-12,105,1,105,,-10.3%,
06/23/22,COVID-19,20,117,1,117,,20.6%,
06/22/22,COVID-19,-2,97,1,97,,-2.0%,
06/21/22,COVID-19,3,99,1,99,,3.1%,
06/20/22,COVID-19,5,96,1,96,,5.5%,
06/19/22,COVID-19,-2,91,1,91,,-2.2%,
06/18/22,COVID-19,1,93,1,93,,1.1%,
06/17/22,COVID-19,-10,92,1,92,,-9.8%,
06/16/22,COVID-19,2,102,1,102,,2.0%,
06/15/22,COVID-19,-8,100,1,100,,-7.4%,
06/14/22,COVID-19,-8,108,1,108,,-6.9%,
06/13/22,COVID-19,-1,116,1,116,,-0.9%,
06/12/22,COVID-19,-10,117,1,117,,-7.9%,
06/11/22,COVID-19,3,127,1,127,,2.4%,
06/10/22,COVID-19,-4,124,1,124,,-3.1%,
06/09/22,COVID-19,11,128,1,128,,9.4%,
06/08/22,COVID-19,5,117,1,117,,4.5%,
06/07/22,COVID-19,-14,112,1,112,,-11.1%,
06/06/22,COVID-19,-8,126,1,126,,-6.0%,
06/05/22,COVID-19,-3,134,1,134,,-2.2%,
06/04/22,COVID-19,5,137,1,137,,3.8%,
06/03/22,COVID-19,0,132,1,132,,0.0%,
06/02/22,COVID-19,-2,132,1,132,,-1.5%,
06/01/22,COVID-19,-6,134,1,134,,-4.3%,
05/31/22,COVID-19,-3,140,1,140,,-2.1%,
05/30/22,COVID-19,12,143,1,143,,9.2%,
05/29/22,COVID-19,4,131,1,131,,3.1%,
05/28/22,COVID-19,0,127,1,127,,0.0%,
05/27/22,COVID-19,-21,127,1,127,,-14.2%,
05/26/22,COVID-19,-14,148,1,148,,-8.6%,
05/25/22,COVID-19,-13,162,1,162,,-7.4%,
05/24/22,COVID-19,-9,175,1,175,,-4.9%,
05/23/22,COVID-19,7,184,1,184,,4.0%,
05/22/22,COVID-19,6,177,1,177,,3.5%,
05/21/22,COVID-19,0,171,1,171,,0.0%,
05/20/22,COVID-19,-5,171,1,171,,-2.8%,
05/19/22,COVID-19,-13,176,1,176,,-6.9%,
05/18/22,COVID-19,-1,189,1,189,,-0.5%,
05/17/22,COVID-19,4,190,1,190,,2.2%,
05/16/22,COVID-19,-6,186,1,186,,-3.1%,
05/15/22,COVID-19,0,192,1,192,,0.0%,
05/14/22,COVID-19,13,192,1,192,,7.3%,
05/13/22,COVID-19,-9,179,1,179,,-4.8%,
05/12/22,COVID-19,1,188,1,188,,0.5%,
05/11/22,COVID-19,-3,187,1,187,,-1.6%,
05/10/22,COVID-19,8,190,1,190,,4.4%,
05/09/22,COVID-19,2,182,1,182,,1.1%,
05/08/22,COVID-19,4,180,1,180,,2.3%,
05/07/22,COVID-19,9,176,1,176,,5.4%,
05/06/22,COVID-19,15,167,1,167,,9.9%,
05/05/22,COVID-19,16,152,1,152,,11.8%,
05/04/22,COVID-19,10,136,1,136,,7.9%,
05/03/22,COVID-19,12,126,1,126,,10.5%,
05/02/22,COVID-19,7,114,1,114,,6.5%,
05/01/22,COVID-19,12,107,1,107,,12.6%,
04/30/22,COVID-19,8,95,1,95,,9.2%,
04/29/22,COVID-19,0,87,1,87,,0.0%,
04/28/22,COVID-19,9,87,1,87,,11.5%,
04/27/22,COVID-19,6,78,1,78,,8.3%,
04/26/22,COVID-19,-4,72,1,72,,-5.3%,
04/25/22,COVID-19,-4,76,1,76,,-5.0%,
04/24/22,COVID-19,-4,80,1,80,,-4.8%,
04/23/22,COVID-19,6,84,1,84,,7.7%,
04/22/22,COVID-19,2,78,1,78,,2.6%,
04/21/22,COVID-19,-5,76,1,76,,-6.2%,
04/20/22,COVID-19,12,81,1,81,,17.4%,
04/19/22,COVID-19,-1,69,1,69,,-1.4%,
04/18/22,COVID-19,16,70,1,70,,29.6%,
04/17/22,COVID-19,0,54,1,54,,0.0%,
04/16/22,COVID-19,-2,54,1,54,,-3.6%,
04/15/22,COVID-19,3,56,1,56,,5.7%,
04/14/22,COVID-19,-5,53,1,53,,-8.6%,
04/13/22,COVID-19,-1,58,1,58,,-1.7%,
04/12/22,COVID-19,5,59,1,59,,9.3%,
04/11/22,COVID-19,5,54,1,54,,10.2%,
04/10/22,COVID-19,1,49,1,49,,2.1%,
04/09/22,COVID-19,-3,48,1,48,,-5.9%,
04/08/22,COVID-19,0,51,1,51,,0.0%,
04/07/22,COVID-19,-3,51,1,51,,-5.6%,
04/06/22,COVID-19,4,54,1,54,,8.0%,
04/05/22,COVID-19,-6,50,1,50,,-10.7%,
04/04/22,COVID-19,-12,56,1,56,,-17.6%,
04/03/22,COVID-19,7,68,1,68,,11.5%,
04/02/22,COVID-19,12,61,1,61,,24.5%,
04/01/22,COVID-19,-4,49,1,49,,-7.5%,
03/31/22,COVID-19,2,53,1,53,,3.9%,
03/30/22,COVID-19,2,51,1,51,,4.1%,
03/29/22,COVID-19,1,49,1,49,,2.1%,
03/28/22,COVID-19,5,48,1,48,,11.6%,
03/27/22,COVID-19,3,43,1,43,,7.5%,
03/26/22,COVID-19,3,40,1,40,,8.1%,
03/25/22,COVID-19,-3,37,1,37,,-7.5%,
03/24/22,COVID-19,0,40,1,40,,0.0%,
03/23/22,COVID-19,-7,40,1,40,,-14.9%,
03/22/22,COVID-19,6,47,1,47,,14.6%,
03/21/22,COVID-19,-1,41,1,41,,-2.4%,
03/20/22,COVID-19,1,42,1,42,,2.4%,
03/19/22,COVID-19,3,41,1,41,,7.9%,
03/18/22,COVID-19,2,38,1,38,,5.6%,
03/17/22,COVID-19,-13,36,1,36,,-26.5%,
03/16/22,COVID-19,6,49,1,49,,14.0%,
03/15/22,COVID-19,3,43,1,43,,7.5%,
03/14/22,COVID-19,-1,40,1,40,,-2.4%,
03/13/22,COVID-19,-6,41,1,41,,-12.8%,
03/12/22,COVID-19,4,47,1,47,,9.3%,
03/11/22,COVID-19,4,43,1,43,,10.3%,
03/10/22,COVID-19,-8,39,1,39,,-17.0%,
03/09/22,COVID-19,-2,47,1,47,,-4.1%,
03/08/22,COVID-19,8,49,1,49,,19.5%,
03/07/22,COVID-19,-6,41,1,41,,-12.8%,
03/06/22,COVID-19,-9,47,1,47,,-16.1%,
03/05/22,COVID-19,1,56,1,56,,1.8%,
03/04/22,COVID-19,6,55,1,55,,12.2%,
03/03/22,COVID-19,-10,49,1,49,,-16.9%,
03/02/22,COVID-19,-12,59,1,59,,-16.9%,
03/01/22,COVID-19,-8,71,1,71,,-10.1%,
02/28/22,COVID-19,1,79,1,79,,1.3%,
02/27/22,COVID-19,-2,78,1,78,,-2.5%,
02/26/22,COVID-19,4,80,1,80,,5.3%,
02/25/22,COVID-19,-8,76,1,76,,-9.5%,
02/24/22,COVID-19,-11,84,1,84,,-11.6%,
02/23/22,COVID-19,-4,95,1,95,,-4.0%,
02/22/22,COVID-19,2,99,1,99,,2.1%,
02/21/22,COVID-19,0,97,1,97,,0.0%,
02/20/22,COVID-19,-11,97,1,97,,-10.2%,
02/19/22,COVID-19,-2,108,1,108,,-1.8%,
02/18/22,COVID-19,2,110,1,110,,1.9%,
02/17/22,COVID-19,-6,108,1,108,,-5.3%,
02/16/22,COVID-19,-14,114,1,114,,-10.9%,
02/15/22,COVID-19,-11,128,1,128,,-7.9%,
02/14/22,COVID-19,-12,139,1,139,,-7.9%,
02/13/22,COVID-19,1,151,1,151,,0.7%,
02/12/22,COVID-19,-15,150,1,150,,-9.1%,
02/11/22,COVID-19,-27,165,1,165,,-14.1%,
02/10/22,COVID-19,-2,192,1,192,,-1.0%,
02/09/22,COVID-19,-26,194,1,194,,-11.8%,
02/08/22,COVID-19,-37,220,1,220,,-14.4%,
02/07/22,COVID-19,4,257,1,257,,1.6%,
02/06/22,COVID-19,-6,253,1,253,,-2.3%,
02/05/22,COVID-19,-17,259,1,259,,-6.2%,
02/04/22,COVID-19,1,276,1,276,,0.4%,
02/03/22,COVID-19,-33,275,1,275,,-10.7%,
02/02/22,COVID-19,-17,308,1,308,,-5.2%,
02/01/22,COVID-19,-20,325,1,325,,-5.8%,
01/31/22,COVID-19,-34,345,1,345,,-9.0%,
01/30/22,COVID-19,-18,379,1,379,,-4.5%,
01/29/22,COVID-19,33,397,1,397,,9.1%,
01/28/22,COVID-19,-40,364,1,364,,-9.9%,
01/27/22,COVID-19,-34,404,1,404,,-7.8%,
01/26/22,COVID-19,-32,438,1,438,,-6.8%,
01/25/22,COVID-19,-17,470,1,470,,-3.5%,
01/24/22,COVID-19,-6,487,1,487,,-1.2%,
01/23/22,COVID-19,-10,493,1,493,,-2.0%,
01/22/22,COVID-19,7,503,1,503,,1.4%,
01/21/22,COVID-19,-47,496,1,496,,-8.7%,
01/20/22,COVID-19,-39,543,1,543,,-6.7%,
01/19/22,COVID-19,-8,582,1,582,,-1.4%,
01/18/22,COVID-19,5,590,1,590,,0.9%,
01/17/22,COVID-19,-8,585,1,585,,-1.3%,
01/16/22,COVID-19,4,593,1,593,,0.7%,
01/15/22,COVID-19,-6,589,1,589,,-1.0%,
01/14/22,COVID-19,-8,595,1,595,,-1.3%,
01/13/22,COVID-19,12,603,1,603,,2.0%,
01/12/22,COVID-19,2,591,1,591,,0.3%,
01/11/22,COVID-19,2,589,1,589,,0.3%,
01/10/22,COVID-19,23,587,1,587,,4.1%,
01/09/22,COVID-19,20,564,1,564,,3.7%,
01/08/22,COVID-19,30,544,1,544,,5.8%,
01/07/22,COVID-19,18,514,1,514,,3.6%,
01/06/22,COVID-19,16,496,1,496,,3.3%,
01/05/22,COVID-19,3,480,1,480,,0.6%,
01/04/22,COVID-19,37,477,1,477,,8.4%,
01/03/22,COVID-19,1,440,1,440,,0.2%,
01/02/22,COVID-19,44,439,1,439,,11.1%,
01/01/22,COVID-19,22,395,1,395,,5.9%,
12/31/21,COVID-19,5,373,1,373,,1.4%,
12/30/21,COVID-19,6,368,1,368,,1.7%,
12/29/21,COVID-19,32,362,1,362,,9.7%,
12/28/21,COVID-19,29,330,1,330,,9.6%,
12/27/21,COVID-19,23,301,1,301,,8.3%,
12/26/21,COVID-19,15,278,1,278,,5.7%,
12/25/21,COVID-19,6,263,1,263,,2.3%,
12/24/21,COVID-19,2,257,1,257,,0.8%,
12/23/21,COVID-19,-24,255,1,255,,-8.6%,
12/22/21,COVID-19,4,279,1,279,,1.5%,
12/21/21,COVID-19,5,275,1,275,,1.9%,
12/20/21,COVID-19,-7,270,1,270,,-2.5%,
12/19/21,COVID-19,13,277,1,277,,4.9%,
12/18/21,COVID-19,17,264,1,264,,6.9%,
12/17/21,COVID-19,6,247,1,247,,2.5%,
12/16/21,COVID-19,-7,241,1,241,,-2.8%,
12/15/21,COVID-19,2,248,1,248,,0.8%,
12/14/21,COVID-19,7,246,1,246,,2.9%,
12/13/21,COVID-19,9,239,1,239,,3.9%,
12/12/21,COVID-19,-2,230,1,230,,-0.9%,
12/11/21,COVID-19,20,232,1,232,,9.4%,
12/10/21,COVID-19,9,212,1,212,,4.4%,
12/09/21,COVID-19,4,203,1,203,,2.0%,
12/08/21,COVID-19,-11,199,1,199,,-5.2%,
12/07/21,COVID-19,2,210,1,210,,1.0%,
12/06/21,COVID-19,23,208,1,208,,12.4%,
12/05/21,COVID-19,11,185,1,185,,6.3%,
12/04/21,COVID-19,15,174,1,174,,9.4%,
12/03/21,COVID-19,7,159,1,159,,4.6%,
12/02/21,COVID-19,5,152,1,152,,3.4%,
12/01/21,COVID-19,7,147,1,147,,5.0%,
11/30/21,COVID-19,-11,140,1,140,,-7.3%,
11/29/21,COVID-19,0,151,1,151,,0.0%,
11/28/21,COVID-19,7,151,1,151,,4.9%,
11/27/21,COVID-19,8,144,1,144,,5.9%,
11/26/21,COVID-19,-6,136,1,136,,-4.2%,
11/25/21,COVID-19,-2,142,1,142,,-1.4%,
11/24/21,COVID-19,-1,144,1,144,,-0.7%,
11/23/21,COVID-19,-5,145,1,145,,-3.3%,
11/22/21,COVID-19,9,150,1,150,,6.4%,
11/21/21,COVID-19,6,141,1,141,,4.4%,
11/20/21,COVID-19,7,135,1,135,,5.5%,
11/19/21,COVID-19,-12,128,1,128,,-8.6%,
11/18/21,COVID-19,22,140,1,140,,18.6%,
11/17/21,COVID-19,-9,118,1,118,,-7.1%,
11/16/21,COVID-19,4,127,1,127,,3.3%,
11/15/21,COVID-19,1,123,1,123,,0.8%,
11/14/21,COVID-19,17,122,1,122,,16.2%,
11/13/21,COVID-19,4,105,1,105,,4.0%,
11/12/21,COVID-19,1,101,1,101,,1.0%,
11/11/21,COVID-19,5,100,1,100,,5.3%,
11/10/21,COVID-19,-2,95,1,95,,-2.1%,
11/09/21,COVID-19,2,97,1,97,,2.1%,
11/08/21,COVID-19,4,95,1,95,,4.4%,
11/07/21,COVID-19,4,91,1,91,,4.6%,
11/06/21,COVID-19,-4,87,1,87,,-4.4%,
11/05/21,COVID-19,-1,91,1,91,,-1.1%,
11/04/21,COVID-19,6,92,1,92,,7.0%,
11/03/21,COVID-19,3,86,1,86,,3.6%,
11/02/21,COVID-19,-1,83,1,83,,-1.2%,
11/01/21,COVID-19,2,84,1,84,,2.4%,
10/31/21,COVID-19,3,82,1,82,,3.8%,
10/30/21,COVID-19,1,79,1,79,,1.3%,
10/29/21,COVID-19,-2,78,1,78,,-2.5%,
10/28/21,COVID-19,0,80,1,80,,0.0%,
10/27/21,COVID-19,-2,80,1,80,,-2.4%,
10/26/21,COVID-19,3,82,1,82,,3.8%,
10/25/21,COVID-19,-7,79,1,79,,-8.1%,
10/24/21,COVID-19,5,86,1,86,,6.2%,
10/23/21,COVID-19,-3,81,1,81,,-3.6%,
10/22/21,COVID-19,-8,84,1,84,,-8.7%,
10/21/21,COVID-19,1,92,1,92,,1.1%,
10/20/21,COVID-19,6,91,1,91,,7.1%,
10/19/21,COVID-19,-16,85,1,85,,-15.8%,
10/18/21,COVID-19,-5,101,1,101,,-4.7%,
10/17/21,COVID-19,0,106,1,106,,0.0%,
10/16/21,COVID-19,3,106,1,106,,2.9%,
10/15/21,COVID-19,5,103,1,103,,5.1%,
10/14/21,COVID-19,3,98,1,98,,3.2%,
10/13/21,COVID-19,4,95,1,95,,4.4%,
10/12/21,COVID-19,9,91,1,91,,11.0%,
10/11/21,COVID-19,2,82,1,82,,2.5%,
10/10/21,COVID-19,-6,80,1,80,,-7.0%,
10/09/21,COVID-19,4,86,1,86,,4.9%,
10/08/21,COVID-19,-2,82,1,82,,-2.4%,
10/07/21,COVID-19,-13,84,1,84,,-13.4%,
10/06/21,COVID-19,-6,97,1,97,,-5.8%,
10/05/21,COVID-19,1,103,1,103,,1.0%,
10/04/21,COVID-19,-11,102,1,102,,-9.7%,
10/03/21,COVID-19,-1,113,1,113,,-0.9%,
10/02/21,COVID-19,4,114,1,114,,3.6%,
10/01/21,COVID-19,-1,110,1,110,,-0.9%,
09/30/21,COVID-19,2,111,1,111,,1.8%,
09/29/21,COVID-19,6,109,1,109,,5.8%,
09/28/21,COVID-19,1,103,1,103,,1.0%,
09/27/21,COVID-19,-9,102,1,102,,-8.1%,
09/26/21,COVID-19,7,111,1,111,,6.7%,
09/25/21,COVID-19,4,104,1,104,,4.0%,
09/24/21,COVID-19,-3,100,1,100,,-2.9%,
09/23/21,COVID-19,6,103,1,103,,6.2%,
09/22/21,COVID-19,-3,97,1,97,,-3.0%,
09/21/21,COVID-19,-5,100,1,100,,-4.8%,
09/20/21,COVID-19,-4,105,1,105,,-3.7%,
09/19/21,COVID-19,2,109,1,109,,1.9%,
09/18/21,COVID-19,1,107,1,107,,0.9%,
09/17/21,COVID-19,-16,106,1,106,,-13.1%,
09/16/21,COVID-19,-1,122,1,122,,-0.8%,
09/15/21,COVID-19,7,123,1,123,,6.0%,
09/14/21,COVID-19,4,116,1,116,,3.6%,
09/13/21,COVID-19,0,112,1,112,,0.0%,
09/12/21,COVID-19,10,112,1,112,,9.8%,
09/11/21,COVID-19,-4,102,1,102,,-3.8%,
09/10/21,COVID-19,5,106,1,106,,5.0%,
09/09/21,COVID-19,-5,101,1,101,,-4.7%,
09/08/21,COVID-19,-3,106,1,106,,-2.8%,
09/07/21,COVID-19,4,109,1,109,,3.8%,
09/06/21,COVID-19,-2,105,1,105,,-1.9%,
09/05/21,COVID-19,0,107,1,107,,0.0%,
09/04/21,COVID-19,9,107,1,107,,9.2%,
09/03/21,COVID-19,-6,98,1,98,,-5.8%,
09/02/21,COVID-19,-5,104,1,104,,-4.6%,
09/01/21,COVID-19,0,109,1,109,,0.0%,
08/31/21,COVID-19,-3,109,1,109,,-2.7%,
08/30/21,COVID-19,-3,112,1,112,,-2.6%,
08/29/21,COVID-19,9,115,1,115,,8.5%,
08/28/21,COVID-19,-7,106,1,106,,-6.2%,
08/27/21,COVID-19,3,113,1,113,,2.7%,
08/26/21,COVID-19,-2,110,1,110,,-1.8%,
08/25/21,COVID-19,-4,112,1,112,,-3.4%,
08/24/21,COVID-19,-13,116,1,116,,-10.1%,
08/23/21,COVID-19,-1,129,1,129,,-0.8%,
08/22/21,COVID-19,12,130,1,130,,10.2%,
08/21/21,COVID-19,5,118,1,118,,4.4%,
08/20/21,COVID-19,13,113,1,113,,13.0%,
08/19/21,COVID-19,4,100,1,100,,4.2%,
08/18/21,COVID-19,3,96,1,96,,3.2%,
08/17/21,COVID-19,5,93,1,93,,5.7%,
08/16/21,COVID-19,0,88,1,88,,0.0%,
08/15/21,COVID-19,8,88,1,88,,10.0%,
08/14/21,COVID-19,10,80,1,80,,14.3%,
08/13/21,COVID-19,-1,70,1,70,,-1.4%,
08/12/21,COVID-19,-1,71,1,71,,-1.4%,
08/11/21,COVID-19,4,72,1,72,,5.9%,
08/10/21,COVID-19,5,68,1,68,,7.9%,
08/09/21,COVID-19,6,63,1,63,,10.5%,
08/08/21,COVID-19,3,57,1,57,,5.6%,
08/07/21,COVID-19,7,54,1,54,,14.9%,
08/06/21,COVID-19,-2,47,1,47,,-4.1%,
08/05/21,COVID-19,3,49,1,49,,6.5%,
08/04/21,COVID-19,-3,46,1,46,,-6.1%,
08/03/21,COVID-19,3,49,1,49,,6.5%,
08/02/21,COVID-19,0,46,1,46,,0.0%,
08/01/21,COVID-19,3,46,1,46,,7.0%,
07/31/21,COVID-19,3,43,1,43,,7.5%,
07/30/21,COVID-19,5,40,1,40,,14.3%,
07/29/21,COVID-19,-1,35,1,35,,-2.8%,
07/28/21,COVID-19,5,36,1,36,,16.1%,
07/27/21,COVID-19,-1,31,1,31,,-3.1%,
07/26/21,COVID-19,4,32,1,32,,14.3%,
07/25/21,COVID-19,-1,28,1,28,,-3.4%,
07/24/21,COVID-19,4,29,1,29,,16.0%,
07/23/21,COVID-19,0,25,1,25,,0.0%,
07/22/21,COVID-19,-4,25,1,25,,-13.8%,
07/21/21,COVID-19,3,29,1,29,,11.5%,
07/20/21,COVID-19,1,26,1,26,,4.0%,
07/19/21,COVID-19,1,25,1,25,,4.2%,
07/18/21,COVID-19,8,24,1,24,,50.0%,
07/17/21,COVID-19,0,16,1,16,,0.0%,
07/16/21,COVID-19,1,16,1,16,,6.7%,
07/15/21,COVID-19,2,15,1,15,,15.4%,
07/14/21,COVID-19,-3,13,1,13,,-18.8%,
07/13/21,COVID-19,5,16,1,16,,45.5%,
07/12/21,COVID-19,0,11,1,11,,0.0%,
07/11/21,COVID-19,-2,11,1,11,,-15.4%,
07/10/21,COVID-19,3,13,1,13,,30.0%,
07/09/21,COVID-19,1,10,1,10,,11.1%,
07/08/21,COVID-19,0,9,1,9,,0.0%,
07/07/21,COVID-19,-1,9,1,9,,-10.0%,
07/06/21,COVID-19,1,10,1,10,,11.1%,
07/05/21,COVID-19,-4,9,1,9,,-30.8%,
07/04/21,COVID-19,1,13,1,13,,8.3%,
07/03/21,COVID-19,0,12,1,12,,0.0%,
07/02/21,COVID-19,3,12,1,12,,33.3%,
07/01/21,COVID-19,-2,9,1,9,,-18.2%,
06/30/21,COVID-19,-5,11,1,11,,-31.3%,
06/29/21,COVID-19,-4,16,1,16,,-20.0%,
06/28/21,COVID-19,1,20,1,20,,5.3%,
06/27/21,COVID-19,-1,19,1,19,,-5.0%,
06/26/21,COVID-19,-3,20,1,20,,-13.0%,
06/25/21,COVID-19,6,23,1,23,,35.3%,
06/24/21,COVID-19,0,17,1,17,,0.0%,
06/23/21,COVID-19,2,17,1,17,,13.3%,
06/22/21,COVID-19,0,15,1,15,,0.0%,
06/21/21,COVID-19,-3,15,1,15,,-16.7%,
06/20/21,COVID-19,2,18,1,18,,12.5%,
06/19/21,COVID-19,3,16,1,16,,23.1%,
06/18/21,COVID-19,-5,13,1,13,,-27.8%,
06/17/21,COVID-19,-5,18,1,18,,-21.7%,
06/16/21,COVID-19,-1,23,1,23,,-4.2%,
06/15/21,COVID-19,4,24,1,24,,20.0%,
06/14/21,COVID-19,-1,20,1,20,,-4.8%,
06/13/21,COVID-19,-5,21,1,21,,-19.2%,
06/12/21,COVID-19,1,26,1,26,,4.0%,
06/11/21,COVID-19,1,25,1,25,,4.2%,
06/10/21,COVID-19,1,24,1,24,,4.3%,
06/09/21,COVID-19,-1,23,1,23,,-4.2%,
06/08/21,COVID-19,-1,24,1,24,,-4.0%,
06/07/21,COVID-19,-2,25,1,25,,-7.4%,
06/06/21,COVID-19,-1,27,1,27,,-3.6%,
06/05/21,COVID-19,-2,28,1,28,,-6.7%,
06/04/21,COVID-19,-1,30,1,30,,-3.2%,
06/03/21,COVID-19,4,31,1,31,,14.8%,
06/02/21,COVID-19,2,27,1,27,,8.0%,
06/01/21,COVID-19,3,25,1,25,,13.6%,
05/31/21,COVID-19,-4,22,1,22,,-15.4%,
05/30/21,COVID-19,-5,26,1,26,,-16.1%,
05/29/21,COVID-19,-1,31,1,31,,-3.1%,
05/28/21,COVID-19,-2,32,1,32,,-5.9%,
05/27/21,COVID-19,-5,34,1,34,,-12.8%,
05/26/21,COVID-19,-2,39,1,39,,-4.9%,
05/25/21,COVID-19,0,41,1,41,,0.0%,
05/24/21,COVID-19,1,41,1,41,,2.5%,
05/23/21,COVID-19,-6,40,1,40,,-13.0%,
05/22/21,COVID-19,3,46,1,46,,7.0%,
05/21/21,COVID-19,-8,43,1,43,,-15.7%,
05/20/21,COVID-19,1,51,1,51,,2.0%,
05/19/21,COVID-19,-2,50,1,50,,-3.8%,
05/18/21,COVID-19,-1,52,1,52,,-1.9%,
05/17/21,COVID-19,2,53,1,53,,3.9%,
05/16/21,COVID-19,-2,51,1,51,,-3.8%,
05/15/21,COVID-19,0,53,1,53,,0.0%,
05/14/21,COVID-19,-3,53,1,53,,-5.4%,
05/13/21,COVID-19,-2,56,1,56,,-3.4%,
05/12/21,COVID-19,-3,58,1,58,,-4.9%,
05/11/21,COVID-19,-2,61,1,61,,-3.2%,
05/10/21,COVID-19,-1,63,1,63,,-1.6%,
05/09/21,COVID-19,2,64,1,64,,3.2%,
05/08/21,COVID-19,-6,62,1,62,,-8.8%,
05/07/21,COVID-19,5,68,1,68,,7.9%,
05/06/21,COVID-19,-3,63,1,63,,-4.5%,
05/05/21,COVID-19,-2,66,1,66,,-2.9%,
05/04/21,COVID-19,-11,68,1,68,,-13.9%,
05/03/21,COVID-19,-11,79,1,79,,-12.2%,
05/02/21,COVID-19,2,90,1,90,,2.3%,
05/01/21,COVID-19,-5,88,1,88,,-5.4%,
04/30/21,COVID-19,-3,93,1,93,,-3.1%,
04/29/21,COVID-19,-1,96,1,96,,-1.0%,
04/28/21,COVID-19,-7,97,1,97,,-6.7%,
04/27/21,COVID-19,-5,104,1,104,,-4.6%,
04/26/21,COVID-19,-3,109,1,109,,-2.7%,
04/25/21,COVID-19,-4,112,1,112,,-3.4%,
04/24/21,COVID-19,0,116,1,116,,0.0%,
04/23/21,COVID-19,9,116,1,116,,8.4%,
04/22/21,COVID-19,0,107,1,107,,0.0%,
04/21/21,COVID-19,-7,107,1,107,,-6.1%,
04/20/21,COVID-19,-16,114,1,114,,-12.3%,
04/19/21,COVID-19,-7,130,1,130,,-5.1%,
04/18/21,COVID-19,-10,137,1,137,,-6.8%,
04/17/21,COVID-19,-3,147,1,147,,-2.0%,
04/16/21,COVID-19,-3,150,1,150,,-2.0%,
04/15/21,COVID-19,-4,153,1,153,,-2.5%,
04/14/21,COVID-19,-5,157,1,157,,-3.1%,
04/13/21,COVID-19,-5,162,1,162,,-3.0%,
04/12/21,COVID-19,6,167,1,167,,3.7%,
04/11/21,COVID-19,5,161,1,161,,3.2%,
04/10/21,COVID-19,12,156,1,156,,8.3%,
04/09/21,COVID-19,-7,144,1,144,,-4.6%,
04/08/21,COVID-19,-1,151,1,151,,-0.7%,
04/07/21,COVID-19,4,152,1,152,,2.7%,
04/06/21,COVID-19,-4,148,1,148,,-2.6%,
04/05/21,COVID-19,2,152,1,152,,1.3%,
04/04/21,COVID-19,2,150,1,150,,1.4%,
04/03/21,COVID-19,-6,148,1,148,,-3.9%,
04/02/21,COVID-19,6,154,1,154,,4.1%,
04/01/21,COVID-19,3,148,1,148,,2.1%,
03/31/21,COVID-19,6,145,1,145,,4.3%,
03/30/21,COVID-19,5,139,1,139,,3.7%,
03/29/21,COVID-19,3,134,1,134,,2.3%,
03/28/21,COVID-19,8,131,1,131,,6.5%,
03/27/21,COVID-19,3,123,1,123,,2.5%,
03/26/21,COVID-19,5,120,1,120,,4.3%,
03/25/21,COVID-19,8,115,1,115,,7.5%,
03/24/21,COVID-19,-9,107,1,107,,-7.8%,
03/23/21,COVID-19,7,116,1,116,,6.4%,
03/22/21,COVID-19,-9,109,1,109,,-7.6%,
03/21/21,COVID-19,4,118,1,118,,3.5%,
03/20/21,COVID-19,3,114,1,114,,2.7%,
03/19/21,COVID-19,4,111,1,111,,3.7%,
03/18/21,COVID-19,-2,107,1,107,,-1.8%,
03/17/21,COVID-19,4,109,1,109,,3.8%,
03/16/21,COVID-19,-16,105,1,105,,-13.2%,
03/15/21,COVID-19,0,121,1,121,,0.0%,
03/14/21,COVID-19,-1,121,1,121,,-0.8%,
03/13/21,COVID-19,0,122,1,122,,0.0%,
03/12/21,COVID-19,-8,122,1,122,,-6.2%,
03/11/21,COVID-19,3,130,1,130,,2.4%,
03/10/21,COVID-19,-6,127,1,127,,-4.5%,
03/09/21,COVID-19,1,133,1,133,,0.8%,
03/08/21,COVID-19,-11,132,1,132,,-7.7%,
03/07/21,COVID-19,9,143,1,143,,6.7%,
03/06/21,COVID-19,-2,134,1,134,,-1.5%,
03/05/21,COVID-19,-2,136,1,136,,-1.4%,
03/04/21,COVID-19,-12,138,1,138,,-8.0%,
03/03/21,COVID-19,-5,150,1,150,,-3.2%,
03/02/21,COVID-19,0,155,1,155,,0.0%,
03/01/21,COVID-19,0,155,1,155,,0.0%,
02/28/21,COVID-19,1,155,1,155,,0.6%,
02/27/21,COVID-19,9,154,1,154,,6.2%,
02/26/21,COVID-19,-7,145,1,145,,-4.6%,
02/25/21,COVID-19,-4,152,1,152,,-2.6%,
02/24/21,COVID-19,-5,156,1,156,,-3.1%,
02/23/21,COVID-19,-5,161,1,161,,-3.0%,
02/22/21,COVID-19,-5,166,1,166,,-2.9%,
02/21/21,COVID-19,2,171,1,171,,1.2%,
02/20/21,COVID-19,-15,169,1,169,,-8.2%,
02/19/21,COVID-19,-1,184,1,184,,-0.5%,
02/18/21,COVID-19,-7,185,1,185,,-3.6%,
02/17/21,COVID-19,0,192,1,192,,0.0%,
02/16/21,COVID-19,-8,192,1,192,,-4.0%,
02/15/21,COVID-19,-10,200,1,200,,-4.8%,
02/14/21,COVID-19,2,210,1,210,,1.0%,
02/13/21,COVID-19,3,208,1,208,,1.5%,
02/12/21,COVID-19,-8,205,1,205,,-3.8%,
02/11/21,COVID-19,-4,213,1,213,,-1.8%,
02/10/21,COVID-19,-21,217,1,217,,-8.8%,
02/09/21,COVID-19,-15,238,1,238,,-5.9%,
02/08/21,COVID-19,-10,253,1,253,,-3.8%,
02/07/21,COVID-19,-3,263,1,263,,-1.1%,
02/06/21,COVID-19,-4,266,1,266,,-1.5%,
02/05/21,COVID-19,-15,270,1,270,,-5.3%,
02/04/21,COVID-19,-10,285,1,285,,-3.4%,
02/03/21,COVID-19,-17,295,1,295,,-5.4%,
02/02/21,COVID-19,-18,312,1,312,,-5.5%,
02/01/21,COVID-19,7,330,1,330,,2.2%,
01/31/21,COVID-19,12,323,1,323,,3.9%,
01/30/21,COVID-19,6,311,1,311,,2.0%,
01/29/21,COVID-19,-4,305,1,305,,-1.3%,
01/28/21,COVID-19,-18,309,1,309,,-5.5%,
01/27/21,COVID-19,2,327,1,327,,0.6%,
01/26/21,COVID-19,-7,325,1,325,,-2.1%,
01/25/21,COVID-19,-5,332,1,332,,-1.5%,
01/24/21,COVID-19,2,337,1,337,,0.6%,
01/23/21,COVID-19,-6,335,1,335,,-1.8%,
01/22/21,COVID-19,-19,341,1,341,,-5.3%,
01/21/21,COVID-19,-12,360,1,360,,-3.2%,
01/20/21,COVID-19,-14,372,1,372,,-3.6%,
01/19/21,COVID-19,-25,386,1,386,,-6.1%,
01/18/21,COVID-19,10,411,1,411,,2.5%,
01/17/21,COVID-19,-9,401,1,401,,-2.2%,
01/16/21,COVID-19,12,410,1,410,,3.0%,
01/15/21,COVID-19,-1,398,1,398,,-0.3%,
01/14/21,COVID-19,13,399,1,399,,3.4%,
01/13/21,COVID-19,-5,386,1,386,,-1.3%,
01/12/21,COVID-19,12,391,1,391,,3.2%,
01/11/21,COVID-19,3,379,1,379,,0.8%,
01/10/21,COVID-19,13,376,1,376,,3.6%,
01/09/21,COVID-19,-10,363,1,363,,-2.7%,
01/08/21,COVID-19,-15,373,1,373,,-3.9%,
01/07/21,COVID-19,-1,388,1,388,,-0.3%,
01/06/21,COVID-19,-13,389,1,389,,-3.2%,
01/05/21,COVID-19,-10,402,1,402,,-2.4%,
01/04/21,COVID-19,15,412,1,412,,3.8%,
01/03/21,COVID-19,7,397,1,397,,1.8%,
01/02/21,COVID-19,10,390,1,390,,2.6%,
01/01/21,COVID-19,4,380,1,380,,1.1%,
12/31/20,COVID-19,-22,376,1,376,,-5.5%,
12/30/20,COVID-19,1,398,1,398,,0.3%,
12/29/20,COVID-19,-28,397,1,397,,-6.6%,
12/28/20,COVID-19,7,425,1,425,,1.7%,
12/27/20,COVID-19,8,418,1,418,,2.0%,
12/26/20,COVID-19,15,410,1,410,,3.8%,
12/25/20,COVID-19,24,395,1,395,,6.5%,
12/24/20,COVID-19,-6,371,1,371,,-1.6%,
12/23/20,COVID-19,-6,377,1,377,,-1.6%,
12/22/20,COVID-19,8,383,1,383,,2.1%,
12/21/20,COVID-19,-11,375,1,375,,-2.8%,
12/20/20,COVID-19,12,386,1,386,,3.2%,
12/19/20,COVID-19,27,374,1,374,,7.8%,
12/18/20,COVID-19,-32,347,1,347,,-8.4%,
12/17/20,COVID-19,24,379,1,379,,6.8%,
12/16/20,COVID-19,-10,355,1,355,,-2.7%,
12/15/20,COVID-19,1,365,1,365,,0.3%,
12/14/20,COVID-19,4,364,1,364,,1.1%,
12/13/20,COVID-19,25,360,1,360,,7.5%,
12/12/20,COVID-19,9,335,1,335,,2.8%,
12/11/20,COVID-19,4,326,1,326,,1.2%,
12/10/20,COVID-19,6,322,1,322,,1.9%,
12/09/20,COVID-19,10,316,1,316,,3.3%,
12/08/20,COVID-19,19,306,1,306,,6.6%,
12/07/20,COVID-19,11,287,1,287,,4.0%,
12/06/20,COVID-19,5,276,1,276,,1.8%,
12/05/20,COVID-19,26,271,1,271,,10.6%,
12/04/20,COVID-19,-5,245,1,245,,-2.0%,
12/03/20,COVID-19,12,250,1,250,,5.0%,
12/02/20,COVID-19,20,238,1,238,,9.2%,
12/01/20,COVID-19,0,218,1,218,,0.0%,
11/30/20,COVID-19,4,218,1,218,,1.9%,
11/29/20,COVID-19,7,214,1,214,,3.4%,
11/28/20,COVID-19,12,207,1,207,,6.2%,
11/27/20,COVID-19,14,195,1,195,,7.7%,
11/26/20,COVID-19,9,181,1,181,,5.2%,
11/25/20,COVID-19,-6,172,1,172,,-3.4%,
11/24/20,COVID-19,-5,178,1,178,,-2.7%,
11/23/20,COVID-19,-13,183,1,183,,-6.6%,
11/22/20,COVID-19,10,196,1,196,,5.4%,
11/21/20,COVID-19,23,186,1,186,,14.1%,
11/20/20,COVID-19,-3,163,1,163,,-1.8%,
11/19/20,COVID-19,1,166,1,166,,0.6%,
11/18/20,COVID-19,12,165,1,165,,7.8%,
11/17/20,COVID-19,16,153,1,153,,11.7%,
11/16/20,COVID-19,13,137,1,137,,10.5%,
11/15/20,COVID-19,-2,124,1,124,,-1.6%,
11/14/20,COVID-19,3,126,1,126,,2.4%,
11/13/20,COVID-19,-5,123,1,123,,-3.9%,
11/12/20,COVID-19,6,128,1,128,,4.9%,
11/11/20,COVID-19,0,122,1,122,,0.0%,
11/10/20,COVID-19,-4,122,1,122,,-3.2%,
11/09/20,COVID-19,-1,126,1,126,,-0.8%,
11/08/20,COVID-19,6,127,1,127,,5.0%,
11/07/20,COVID-19,5,121,1,121,,4.3%,
11/06/20,COVID-19,9,116,1,116,,8.4%,
11/05/20,COVID-19,3,107,1,107,,2.9%,
11/04/20,COVID-19,5,104,1,104,,5.1%,
11/03/20,COVID-19,-4,99,1,99,,-3.9%,
11/02/20,COVID-19,3,103,1,103,,3.0%,
11/01/20,COVID-19,9,100,1,100,,9.9%,
10/31/20,COVID-19,4,91,1,91,,4.6%,
10/30/20,COVID-19,0,87,1,87,,0.0%,
10/29/20,COVID-19,3,87,1,87,,3.6%,
10/28/20,COVID-19,8,84,1,84,,10.5%,
10/27/20,COVID-19,7,76,1,76,,10.1%,
10/26/20,COVID-19,-2,69,1,69,,-2.8%,
10/25/20,COVID-19,3,71,1,71,,4.4%,
10/24/20,COVID-19,-2,68,1,68,,-2.9%,
10/23/20,COVID-19,-1,70,1,70,,-1.4%,
10/22/20,COVID-19,-10,71,1,71,,-12.3%,
10/21/20,COVID-19,2,81,1,81,,2.5%,
10/20/20,COVID-19,9,79,1,79,,12.9%,
10/19/20,COVID-19,-2,70,1,70,,-2.8%,
10/18/20,COVID-19,-2,72,1,72,,-2.7%,
10/17/20,COVID-19,6,74,1,74,,8.8%,
10/16/20,COVID-19,2,68,1,68,,3.0%,
10/15/20,COVID-19,1,66,1,66,,1.5%,
10/14/20,COVID-19,-3,65,1,65,,-4.4%,
10/13/20,COVID-19,3,68,1,68,,4.6%,
10/12/20,COVID-19,-6,65,1,65,,-8.5%,
10/11/20,COVID-19,-3,71,1,71,,-4.1%,
10/10/20,COVID-19,4,74,1,74,,5.7%,
10/09/20,COVID-19,1,70,1,70,,1.4%,
10/08/20,COVID-19,5,69,1,69,,7.8%,
10/07/20,COVID-19,4,64,1,64,,6.7%,
10/06/20,COVID-19,-1,60,1,60,,-1.6%,
10/05/20,COVID-19,1,61,1,61,,1.7%,
10/04/20,COVID-19,4,60,1,60,,7.1%,
10/03/20,COVID-19,4,56,1,56,,7.7%,
10/02/20,COVID-19,-1,52,1,52,,-1.9%,
10/01/20,COVID-19,7,53,1,53,,15.2%,
09/30/20,COVID-19,2,46,1,46,,4.5%,
09/29/20,COVID-19,-4,44,1,44,,-8.3%,
09/28/20,COVID-19,-5,48,1,48,,-9.4%,
09/27/20,COVID-19,4,53,1,53,,8.2%,
09/26/20,COVID-19,1,49,1,49,,2.1%,
09/25/20,COVID-19,2,48,1,48,,4.3%,
09/24/20,COVID-19,2,46,1,46,,4.5%,
09/23/20,COVID-19,0,44,1,44,,0.0%,
09/22/20,COVID-19,3,44,1,44,,7.3%,
09/21/20,COVID-19,1,41,1,41,,2.5%,
09/20/20,COVID-19,4,40,1,40,,11.1%,
09/19/20,COVID-19,1,36,1,36,,2.9%,
09/18/20,COVID-19,6,35,1,35,,20.7%,
09/17/20,COVID-19,2,29,1,29,,7.4%,
09/16/20,COVID-19,-5,27,1,27,,-15.6%,
09/15/20,COVID-19,0,32,1,32,,0.0%,
09/14/20,COVID-19,-4,32,1,32,,-11.1%,
09/13/20,COVID-19,3,36,1,36,,9.1%,
09/12/20,COVID-19,0,33,1,33,,0.0%,
09/11/20,COVID-19,-2,33,1,33,,-5.7%,
09/10/20,COVID-19,-3,35,1,35,,-7.9%,
09/09/20,COVID-19,-3,38,1,38,,-7.3%,
09/08/20,COVID-19,-2,41,1,41,,-4.7%,
09/07/20,COVID-19,2,43,1,43,,4.9%,
09/06/20,COVID-19,3,41,1,41,,7.9%,
09/05/20,COVID-19,-1,38,1,38,,-2.6%,
09/04/20,COVID-19,5,39,1,39,,14.7%,
09/03/20,COVID-19,-3,34,1,34,,-8.1%,
09/02/20,COVID-19,-3,37,1,37,,-7.5%,
09/01/20,COVID-19,4,40,1,40,,11.1%,
08/31/20,COVID-19,-2,36,1,36,,-5.3%,
08/30/20,COVID-19,4,38,1,38,,11.8%,
08/29/20,COVID-19,1,34,1,34,,3.0%,
08/28/20,COVID-19,2,33,1,33,,6.5%,
08/27/20,COVID-19,-3,31,1,31,,-8.8%,
08/26/20,COVID-19,-4,34,1,34,,-10.5%,
08/25/20,COVID-19,1,38,1,38,,2.7%,
08/24/20,COVID-19,0,37,1,37,,0.0%,
08/23/20,COVID-19,1,37,1,37,,2.8%,
08/22/20,COVID-19,0,36,1,36,,0.0%,
08/21/20,COVID-19,-1,36,1,36,,-2.7%,
08/20/20,COVID-19,-3,37,1,37,,-7.5%,
08/19/20,COVID-19,-1,40,1,40,,-2.4%,
08/18/20,COVID-19,1,41,1,41,,2.5%,
08/17/20,COVID-19,-1,40,1,40,,-2.4%,
08/16/20,COVID-19,-1,41,1,41,,-2.4%,
08/15/20,COVID-19,1,42,1,42,,2.4%,
08/14/20,COVID-19,-3,41,1,41,,-6.8%,
08/13/20,COVID-19,-1,44,1,44,,-2.2%,
08/12/20,COVID-19,4,45,1,45,,9.8%,
08/11/20,COVID-19,-2,41,1,41,,-4.7%,
08/10/20,COVID-19,4,43,1,43,,10.3%,
08/09/20,COVID-19,-2,39,1,39,,-4.9%,
08/08/20,COVID-19,-2,41,1,41,,-4.7%,
08/07/20,COVID-19,0,43,1,43,,0.0%,
08/06/20,COVID-19,-3,43,1,43,,-6.5%,
08/05/20,COVID-19,-1,46,1,46,,-2.1%,
08/04/20,COVID-19,2,47,1,47,,4.4%,
08/03/20,COVID-19,9,45,1,45,,25.0%,
08/02/20,COVID-19,-1,36,1,36,,-2.7%,
08/01/20,COVID-19,3,37,1,37,,8.8%,
07/31/20,COVID-19,4,34,1,34,,13.3%,
07/30/20,COVID-19,-1,30,1,30,,-3.2%,
07/29/20,COVID-19,-1,31,1,31,,-3.1%,
07/28/20,COVID-19,3,32,1,32,,10.3%,
07/27/20,COVID-19,-3,29,1,29,,-9.4%,
07/26/20,COVID-19,-4,32,1,32,,-11.1%,
07/25/20,COVID-19,1,36,1,36,,2.9%,
07/24/20,COVID-19,2,35,1,35,,6.1%,
07/23/20,COVID-19,1,33,1,33,,3.1%,
07/22/20,COVID-19,-2,32,1,32,,-5.9%,
07/21/20,COVID-19,-5,34,1,34,,-12.8%,
07/20/20,COVID-19,0,39,1,39,,0.0%,
07/19/20,COVID-19,5,39,1,39,,14.7%,
07/18/20,COVID-19,-2,34,1,34,,-5.6%,
07/17/20,COVID-19,4,36,1,36,,12.5%,
07/16/20,COVID-19,-3,32,1,32,,-8.6%,
07/15/20,COVID-19,-1,35,1,35,,-2.8%,
07/14/20,COVID-19,-6,36,1,36,,-14.3%,
07/13/20,COVID-19,1,42,1,42,,2.4%,
07/12/20,COVID-19,-3,41,1,41,,-6.8%,
07/11/20,COVID-19,0,44,1,44,,0.0%,
07/10/20,COVID-19,-3,44,1,44,,-6.4%,
07/09/20,COVID-19,0,47,1,47,,0.0%,
07/08/20,COVID-19,-4,47,1,47,,-7.8%,
07/07/20,COVID-19,-8,51,1,51,,-13.6%,
07/06/20,COVID-19,-3,59,1,59,,-4.8%,
07/05/20,COVID-19,6,62,1,62,,10.7%,
07/04/20,COVID-19,1,56,1,56,,1.8%,
07/03/20,COVID-19,-7,55,1,55,,-11.3%,
07/02/20,COVID-19,-1,62,1,62,,-1.6%,
07/01/20,COVID-19,-1,63,1,63,,-1.6%,
06/30/20,COVID-19,-10,64,1,64,,-13.5%,
06/29/20,COVID-19,-6,74,1,74,,-7.5%,
06/28/20,COVID-19,3,80,1,80,,3.9%,
06/27/20,COVID-19,4,77,1,77,,5.5%,
06/26/20,COVID-19,-3,73,1,73,,-3.9%,
06/25/20,COVID-19,-5,76,1,76,,-6.2%,
06/24/20,COVID-19,-5,81,1,81,,-5.8%,
06/23/20,COVID-19,-3,86,1,86,,-3.4%,
06/22/20,COVID-19,-1,89,1,89,,-1.1%,
06/21/20,COVID-19,2,90,1,90,,2.3%,
06/20/20,COVID-19,1,88,1,88,,1.1%,
06/19/20,COVID-19,-4,87,1,87,,-4.4%,
06/18/20,COVID-19,-9,91,1,91,,-9.0%,
06/17/20,COVID-19,-14,100,1,100,,-12.3%,
06/16/20,COVID-19,-3,114,1,114,,-2.6%,
06/15/20,COVID-19,-11,117,1,117,,-8.6%,
06/14/20,COVID-19,-5,128,1,128,,-3.8%,
06/13/20,COVID-19,3,133,1,133,,2.3%,
06/12/20,COVID-19,-9,130,1,130,,-6.5%,
06/11/20,COVID-19,-13,139,1,139,,-8.6%,
06/10/20,COVID-19,-21,152,1,152,,-12.1%,
06/09/20,COVID-19,-12,173,1,173,,-6.5%,
06/08/20,COVID-19,-12,185,1,185,,-6.1%,
06/07/20,COVID-19,-2,197,1,197,,-1.0%,
06/06/20,COVID-19,-4,199,1,199,,-2.0%,
06/05/20,COVID-19,-9,203,1,203,,-4.2%,
06/04/20,COVID-19,-10,212,1,212,,-4.5%,
06/03/20,COVID-19,3,222,1,222,,1.4%,
06/02/20,COVID-19,-13,219,1,219,,-5.6%,
06/01/20,COVID-19,-19,232,1,232,,-7.6%,
05/31/20,COVID-19,-6,251,1,251,,-2.3%,
05/30/20,COVID-19,-4,257,1,257,,-1.5%,
05/29/20,COVID-19,-33,261,1,261,,-11.2%,
05/28/20,COVID-19,-26,294,1,294,,-8.1%,
05/27/20,COVID-19,-14,320,1,320,,-4.2%,
05/26/20,COVID-19,-29,334,1,334,,-8.0%,
05/25/20,COVID-19,-14,363,1,363,,-3.7%,
05/24/20,COVID-19,-6,377,1,377,,-1.6%,
05/23/20,COVID-19,1,383,1,383,,0.3%,
05/22/20,COVID-19,-27,382,1,382,,-6.6%,
05/21/20,COVID-19,-8,409,1,409,,-1.9%,
05/20/20,COVID-19,-36,417,1,417,,-7.9%,
05/19/20,COVID-19,-19,453,1,453,,-4.0%,
05/18/20,COVID-19,-36,472,1,472,,-7.1%,
05/17/20,COVID-19,-13,508,1,508,,-2.5%,
05/16/20,COVID-19,-8,521,1,521,,-1.5%,
05/15/20,COVID-19,-29,529,1,529,,-5.2%,
05/14/20,COVID-19,-26,558,1,558,,-4.5%,
05/13/20,COVID-19,-6,584,1,584,,-1.0%,
05/12/20,COVID-19,-30,590,1,590,,-4.8%,
05/11/20,COVID-19,-7,620,1,620,,-1.1%,
05/10/20,COVID-19,-6,627,1,627,,-0.9%,
05/09/20,COVID-19,3,633,1,633,,0.5%,
05/08/20,COVID-19,-26,630,1,630,,-4.0%,
05/07/20,COVID-19,-19,656,1,656,,-2.8%,
05/06/20,COVID-19,-21,675,1,675,,-3.0%,
05/05/20,COVID-19,-41,696,1,696,,-5.6%,
05/04/20,COVID-19,-25,737,1,737,,-3.3%,
05/03/20,COVID-19,14,762,1,762,,1.9%,
05/02/20,COVID-19,-7,748,1,748,,-0.9%,
05/01/20,COVID-19,-50,755,1,755,,-6.2%,
04/30/20,COVID-19,-24,805,1,805,,-2.9%,
04/29/20,COVID-19,-11,829,1,829,,-1.3%,
04/28/20,COVID-19,-22,840,1,840,,-2.6%,
04/27/20,COVID-19,-8,862,1,862,,-0.9%,
04/26/20,COVID-19,5,870,1,870,,0.6%,
04/25/20,COVID-19,-1,865,1,865,,-0.1%,
04/24/20,COVID-19,-24,866,1,866,,-2.7%,
04/23/20,COVID-19,-15,890,1,890,,-1.7%,
04/22/20,COVID-19,4,905,1,905,,0.4%,
04/21/20,COVID-19,18,901,1,901,,2.0%,
04/20/20,COVID-19,-27,883,1,883,,-3.0%,
04/19/20,COVID-19,-12,910,1,910,,-1.3%,
04/18/20,COVID-19,21,922,1,922,,2.3%,
04/17/20,COVID-19,23,901,1,901,,2.6%,
04/16/20,COVID-19,40,878,1,878,,4.8%,
04/15/20,COVID-19,59,838,1,838,,7.6%,
04/14/20,COVID-19,16,779,1,779,,2.1%,
04/13/20,COVID-19,33,763,1,763,,4.5%,
04/12/20,COVID-19,36,730,1,730,,5.2%,
04/11/20,COVID-19,26,694,1,694,,3.9%,
04/10/20,COVID-19,65,668,1,668,,10.8%,
04/09/20,COVID-19,18,603,1,603,,3.1%,
04/08/20,COVID-19,48,585,1,585,,8.9%,
04/07/20,COVID-19,47,537,1,537,,9.6%,
04/06/20,COVID-19,49,490,1,490,,11.1%,
04/05/20,COVID-19,15,441,1,441,,3.5%,
04/04/20,COVID-19,24,426,1,426,,6.0%,
04/03/20,COVID-19,25,402,1,402,,6.6%,
04/02/20,COVID-19,52,377,1,377,,16.0%,
04/01/20,COVID-19,45,325,1,325,,16.1%,
03/31/20,COVID-19,26,280,1,280,,10.2%,
03/30/20,COVID-19,28,254,1,254,,12.4%,
03/29/20,COVID-19,18,226,1,226,,8.7%,
03/28/20,COVID-19,52,208,1,208,,33.3%,
03/27/20,COVID-19,35,156,1,156,,28.9%,
03/26/20,COVID-19,38,121,1,121,,45.8%,
03/25/20,COVID-19,25,83,1,83,,43.1%,
03/24/20,COVID-19,8,58,1,58,,16.0%,
03/23/20,COVID-19,7,50,1,50,,16.3%,
03/22/20,COVID-19,11,43,1,43,,34.4%,
03/21/20,COVID-19,8,32,1,32,,33.3%,
03/20/20,COVID-19,10,24,1,24,,71.4%,
03/19/20,COVID-19,3,14,1,14,,27.3%,
03/18/20,COVID-19,-1,11,1,11,,-8.3%,
03/17/20,COVID-19,3,12,1,12,,33.3%,
03/16/20,COVID-19,2,9,1,9,,28.6%,
03/15/20,COVID-19,1,7,1,7,,16.7%,
03/14/20,COVID-19,2,6,1,6,,50.0%,
03/13/20,COVID-19,3,4,1,4,,300.0%,
03/12/20,COVID-19,0,1,1,1,,0.0%,
03/11/20,COVID-19,0,1,1,1,,0.0%,
03/10/20,COVID-19,,1,1,1,,,
12/01/22,,,,,,136,,136
11/30/22,,,,,,134,,134
11/29/22,,,,,,137,,137
11/28/22,,,,,,131,,131
11/27/22,,,,,,119,,119
11/26/22,,,,,,106,,106
11/25/22,,,,,,98,,98
11/24/22,,,,,,102,,102
11/23/22,,,,,,84,,84
11/22/22,,,,,,85,,85
11/21/22,,,,,,86,,86
11/20/22,,,,,,100,,100
11/19/22,,,,,,89,,89
11/18/22,,,,,,98,,98
11/17/22,,,,,,112,,112
11/16/22,,,,,,108,,108
11/15/22,,,,,,106,,106
11/14/22,,,,,,110,,110
11/13/22,,,,,,111,,111
11/12/22,,,,,,108,,108
11/11/22,,,,,,98,,98
11/10/22,,,,,,98,,98
11/09/22,,,,,,98,,98
11/08/22,,,,,,102,,102
11/07/22,,,,,,98,,98
11/06/22,,,,,,99,,99
11/05/22,,,,,,93,,93
11/04/22,,,,,,89,,89
11/03/22,,,,,,105,,105
11/02/22,,,,,,104,,104
11/01/22,,,,,,103,,103
10/31/22,,,,,,104,,104
10/30/22,,,,,,115,,115
10/29/22,,,,,,117,,117
10/28/22,,,,,,113,,113
10/27/22,,,,,,104,,104
10/26/22,,,,,,103,,103
10/25/22,,,,,,116,,116
10/24/22,,,,,,133,,133
10/23/22,,,,,,129,,129
10/22/22,,,,,,136,,136
10/21/22,,,,,,143,,143
10/20/22,,,,,,159,,159
10/19/22,,,,,,163,,163
10/18/22,,,,,,172,,172
10/17/22,,,,,,179,,179
10/16/22,,,,,,171,,171
10/15/22,,,,,,158,,158
10/14/22,,,,,,156,,156
10/13/22,,,,,,153,,153
10/12/22,,,,,,148,,148
10/11/22,,,,,,157,,157
10/10/22,,,,,,144,,144
10/09/22,,,,,,139,,139
10/08/22,,,,,,124,,124
10/07/22,,,,,,120,,120
10/06/22,,,,,,125,,125
10/05/22,,,,,,124,,124
10/04/22,,,,,,114,,114
10/03/22,,,,,,130,,130
10/02/22,,,,,,130,,130
10/01/22,,,,,,115,,115
09/30/22,,,,,,113,,113
09/29/22,,,,,,125,,125
09/28/22,,,,,,125,,125
09/27/22,,,,,,130,,130
09/26/22,,,,,,119,,119
09/25/22,,,,,,114,,114
09/24/22,,,,,,109,,109
09/23/22,,,,,,108,,108
09/22/22,,,,,,114,,114
09/21/22,,,,,,118,,118
09/20/22,,,,,,113,,113
09/19/22,,,,,,102,,102
09/18/22,,,,,,104,,104
09/17/22,,,,,,100,,100
09/16/22,,,,,,102,,102
09/15/22,,,,,,94,,94
09/14/22,,,,,,95,,95
09/13/22,,,,,,100,,100
09/12/22,,,,,,109,,109
09/11/22,,,,,,102,,102
09/10/22,,,,,,105,,105
09/09/22,,,,,,109,,109
09/08/22,,,,,,110,,110
09/07/22,,,,,,106,,106
09/06/22,,,,,,124,,124
09/05/22,,,,,,119,,119
09/04/22,,,,,,125,,125
09/03/22,,,,,,118,,118
09/02/22,,,,,,123,,123
09/01/22,,,,,,120,,120
08/31/22,,,,,,121,,121
08/30/22,,,,,,124,,124
08/29/22,,,,,,129,,129
08/28/22,,,,,,121,,121
08/27/22,,,,,,119,,119
08/26/22,,,,,,120,,120
08/25/22,,,,,,124,,124
08/24/22,,,,,,119,,119
08/23/22,,,,,,122,,122
08/22/22,,,,,,127,,127
08/21/22,,,,,,126,,126
08/20/22,,,,,,117,,117
08/19/22,,,,,,118,,118
08/18/22,,,,,,117,,117
08/17/22,,,,,,124,,124
08/16/22,,,,,,116,,116
08/15/22,,,,,,114,,114
08/14/22,,,,,,120,,120
08/13/22,,,,,,116,,116
08/12/22,,,,,,118,,118
08/11/22,,,,,,119,,119
08/10/22,,,,,,119,,119
08/09/22,,,,,,118,,118
08/08/22,,,,,,127,,127
08/07/22,,,,,,125,,125
08/06/22,,,,,,118,,118
08/05/22,,,,,,108,,108
08/04/22,,,,,,113,,113
08/03/22,,,,,,125,,125
08/02/22,,,,,,121,,121
08/01/22,,,,,,111,,111
07/31/22,,,,,,115,,115
07/30/22,,,,,,106,,106
07/29/22,,,,,,111,,111
07/28/22,,,,,,114,,114
07/27/22,,,,,,110,,110
07/26/22,,,,,,110,,110
07/25/22,,,,,,111,,111
07/24/22,,,,,,110,,110
07/23/22,,,,,,107,,107
07/22/22,,,,,,116,,116
07/21/22,,,,,,118,,118
07/20/22,,,,,,121,,121
07/19/22,,,,,,133,,133
07/18/22,,,,,,140,,140
07/17/22,,,,,,139,,139
07/16/22,,,,,,131,,131
07/15/22,,,,,,118,,118
07/14/22,,,,,,122,,122
07/13/22,,,,,,124,,124
07/12/22,,,,,,126,,126
07/11/22,,,,,,131,,131
07/10/22,,,,,,124,,124
07/09/22,,,,,,114,,114
07/08/22,,,,,,110,,110
07/07/22,,,,,,119,,119
07/06/22,,,,,,119,,119
07/05/22,,,,,,121,,121
07/04/22,,,,,,114,,114
07/03/22,,,,,,114,,114
07/02/22,,,,,,108,,108
07/01/22,,,,,,102,,102
06/30/22,,,,,,104,,104
06/29/22,,,,,,107,,107
06/28/22,,,,,,102,,102
06/27/22,,,,,,104,,104
06/26/22,,,,,,106,,106
06/25/22,,,,,,107,,107
06/24/22,,,,,,105,,105
06/23/22,,,,,,117,,117
06/22/22,,,,,,97,,97
06/21/22,,,,,,99,,99
06/20/22,,,,,,96,,96
06/19/22,,,,,,91,,91
06/18/22,,,,,,93,,93
06/17/22,,,,,,92,,92
06/16/22,,,,,,102,,102
06/15/22,,,,,,100,,100
06/14/22,,,,,,108,,108
06/13/22,,,,,,116,,116
06/12/22,,,,,,117,,117
06/11/22,,,,,,127,,127
06/10/22,,,,,,124,,124
06/09/22,,,,,,128,,128
06/08/22,,,,,,117,,117
06/07/22,,,,,,112,,112
06/06/22,,,,,,126,,126
06/05/22,,,,,,134,,134
06/04/22,,,,,,137,,137
06/03/22,,,,,,132,,132
06/02/22,,,,,,132,,132
06/01/22,,,,,,134,,134
05/31/22,,,,,,140,,140
05/30/22,,,,,,143,,143
05/29/22,,,,,,131,,131
05/28/22,,,,,,127,,127
05/27/22,,,,,,127,,127
05/26/22,,,,,,148,,148
05/25/22,,,,,,162,,162
05/24/22,,,,,,175,,175
05/23/22,,,,,,184,,184
05/22/22,,,,,,177,,177
05/21/22,,,,,,171,,171
05/20/22,,,,,,171,,171
05/19/22,,,,,,176,,176
05/18/22,,,,,,189,,189
05/17/22,,,,,,190,,190
05/16/22,,,,,,186,,186
05/15/22,,,,,,192,,192
05/14/22,,,,,,192,,192
05/13/22,,,,,,179,,179
05/12/22,,,,,,188,,188
05/11/22,,,,,,187,,187
05/10/22,,,,,,190,,190
05/09/22,,,,,,182,,182
05/08/22,,,,,,180,,180
05/07/22,,,,,,176,,176
05/06/22,,,,,,167,,167
05/05/22,,,,,,152,,152
05/04/22,,,,,,136,,136
05/03/22,,,,,,126,,126
05/02/22,,,,,,114,,114
05/01/22,,,,,,107,,107
04/30/22,,,,,,95,,95
04/29/22,,,,,,87,,87
04/28/22,,,,,,87,,87
04/27/22,,,,,,78,,78
04/26/22,,,,,,72,,72
04/25/22,,,,,,76,,76
04/24/22,,,,,,80,,80
04/23/22,,,,,,84,,84
04/22/22,,,,,,78,,78
04/21/22,,,,,,76,,76
04/20/22,,,,,,81,,81
04/19/22,,,,,,69,,69
04/18/22,,,,,,70,,70
04/17/22,,,,,,54,,54
04/16/22,,,,,,54,,54
04/15/22,,,,,,56,,56
04/14/22,,,,,,53,,53
04/13/22,,,,,,58,,58
04/12/22,,,,,,59,,59
04/11/22,,,,,,54,,54
04/10/22,,,,,,49,,49
04/09/22,,,,,,48,,48
04/08/22,,,,,,51,,51
04/07/22,,,,,,51,,51
04/06/22,,,,,,54,,54
04/05/22,,,,,,50,,50
04/04/22,,,,,,56,,56
04/03/22,,,,,,68,,68
04/02/22,,,,,,61,,61
04/01/22,,,,,,49,,49
03/31/22,,,,,,53,,53
03/30/22,,,,,,51,,51
03/29/22,,,,,,49,,49
03/28/22,,,,,,48,,48
03/27/22,,,,,,43,,43
03/26/22,,,,,,40,,40
03/25/22,,,,,,37,,37
03/24/22,,,,,,40,,40
03/23/22,,,,,,40,,40
03/22/22,,,,,,47,,47
03/21/22,,,,,,41,,41
03/20/22,,,,,,42,,42
03/19/22,,,,,,41,,41
03/18/22,,,,,,38,,38
03/17/22,,,,,,36,,36
03/16/22,,,,,,49,,49
03/15/22,,,,,,43,,43
03/14/22,,,,,,40,,40
03/13/22,,,,,,41,,41
03/12/22,,,,,,47,,47
03/11/22,,,,,,43,,43
03/10/22,,,,,,39,,39
03/09/22,,,,,,47,,47
03/08/22,,,,,,49,,49
03/07/22,,,,,,41,,41
03/06/22,,,,,,47,,47
03/05/22,,,,,,56,,56
03/04/22,,,,,,55,,55
03/03/22,,,,,,49,,49
03/02/22,,,,,,59,,59
03/01/22,,,,,,71,,71
02/28/22,,,,,,79,,79
02/27/22,,,,,,78,,78
02/26/22,,,,,,80,,80
02/25/22,,,,,,76,,76
02/24/22,,,,,,84,,84
02/23/22,,,,,,95,,95
02/22/22,,,,,,99,,99
02/21/22,,,,,,97,,97
02/20/22,,,,,,97,,97
02/19/22,,,,,,108,,108
02/18/22,,,,,,110,,110
02/17/22,,,,,,108,,108
02/16/22,,,,,,114,,114
02/15/22,,,,,,128,,128
02/14/22,,,,,,139,,139
02/13/22,,,,,,151,,151
02/12/22,,,,,,150,,150
02/11/22,,,,,,165,,165
02/10/22,,,,,,192,,192
02/09/22,,,,,,194,,194
02/08/22,,,,,,220,,220
02/07/22,,,,,,257,,257
02/06/22,,,,,,253,,253
02/05/22,,,,,,259,,259
02/04/22,,,,,,276,,276
02/03/22,,,,,,275,,275
02/02/22,,,,,,308,,308
02/01/22,,,,,,325,,325
01/31/22,,,,,,345,,345
01/30/22,,,,,,379,,379
01/29/22,,,,,,397,,397
01/28/22,,,,,,364,,364
01/27/22,,,,,,404,,404
01/26/22,,,,,,438,,438
01/25/22,,,,,,470,,470
01/24/22,,,,,,487,,487
01/23/22,,,,,,493,,493
01/22/22,,,,,,503,,503
01/21/22,,,,,,496,,496
01/20/22,,,,,,543,,543
01/19/22,,,,,,582,,582
01/18/22,,,,,,590,,590
01/17/22,,,,,,585,,585
01/16/22,,,,,,593,,593
01/15/22,,,,,,589,,589
01/14/22,,,,,,595,,595
01/13/22,,,,,,603,,603
01/12/22,,,,,,591,,591
01/11/22,,,,,,589,,589
01/10/22,,,,,,587,,587
01/09/22,,,,,,564,,564
01/08/22,,,,,,544,,544
01/07/22,,,,,,514,,514
01/06/22,,,,,,496,,496
01/05/22,,,,,,480,,480
01/04/22,,,,,,477,,477
01/03/22,,,,,,440,,440
01/02/22,,,,,,439,,439
01/01/22,,,,,,395,,395
12/31/21,,,,,,373,,373
12/30/21,,,,,,368,,368
12/29/21,,,,,,362,,362
12/28/21,,,,,,330,,330
12/27/21,,,,,,301,,301
12/26/21,,,,,,278,,278
12/25/21,,,,,,263,,263
12/24/21,,,,,,257,,257
12/23/21,,,,,,255,,255
12/22/21,,,,,,279,,279
12/21/21,,,,,,275,,275
12/20/21,,,,,,270,,270
12/19/21,,,,,,277,,277
12/18/21,,,,,,264,,264
12/17/21,,,,,,247,,247
12/16/21,,,,,,241,,241
12/15/21,,,,,,248,,248
12/14/21,,,,,,246,,246
12/13/21,,,,,,239,,239
12/12/21,,,,,,230,,230
12/11/21,,,,,,232,,232
12/10/21,,,,,,212,,212
12/09/21,,,,,,203,,203
12/08/21,,,,,,199,,199
12/07/21,,,,,,210,,210
12/06/21,,,,,,208,,208
12/05/21,,,,,,185,,185
12/04/21,,,,,,174,,174
12/03/21,,,,,,159,,159
12/02/21,,,,,,152,,152
12/01/21,,,,,,147,,147
11/30/21,,,,,,140,,140
11/29/21,,,,,,151,,151
11/28/21,,,,,,151,,151
11/27/21,,,,,,144,,144
11/26/21,,,,,,136,,136
11/25/21,,,,,,142,,142
11/24/21,,,,,,144,,144
11/23/21,,,,,,145,,145
11/22/21,,,,,,150,,150
11/21/21,,,,,,141,,141
11/20/21,,,,,,135,,135
11/19/21,,,,,,128,,128
11/18/21,,,,,,140,,140
11/17/21,,,,,,118,,118
11/16/21,,,,,,127,,127
11/15/21,,,,,,123,,123
11/14/21,,,,,,122,,122
11/13/21,,,,,,105,,105
11/12/21,,,,,,101,,101
11/11/21,,,,,,100,,100
11/10/21,,,,,,95,,95
11/09/21,,,,,,97,,97
11/08/21,,,,,,95,,95
11/07/21,,,,,,91,,91
11/06/21,,,,,,87,,87
11/05/21,,,,,,91,,91
11/04/21,,,,,,92,,92
11/03/21,,,,,,86,,86
11/02/21,,,,,,83,,83
11/01/21,,,,,,84,,84
10/31/21,,,,,,82,,82
10/30/21,,,,,,79,,79
10/29/21,,,,,,78,,78
10/28/21,,,,,,80,,80
10/27/21,,,,,,80,,80
10/26/21,,,,,,82,,82
10/25/21,,,,,,79,,79
10/24/21,,,,,,86,,86
10/23/21,,,,,,81,,81
10/22/21,,,,,,84,,84
10/21/21,,,,,,92,,92
10/20/21,,,,,,91,,91
10/19/21,,,,,,85,,85
10/18/21,,,,,,101,,101
10/17/21,,,,,,106,,106
10/16/21,,,,,,106,,106
10/15/21,,,,,,103,,103
10/14/21,,,,,,98,,98
10/13/21,,,,,,95,,95
10/12/21,,,,,,91,,91
10/11/21,,,,,,82,,82
10/10/21,,,,,,80,,80
10/09/21,,,,,,86,,86
10/08/21,,,,,,82,,82
10/07/21,,,,,,84,,84
10/06/21,,,,,,97,,97
10/05/21,,,,,,103,,103
10/04/21,,,,,,102,,102
10/03/21,,,,,,113,,113
10/02/21,,,,,,114,,114
10/01/21,,,,,,110,,110
09/30/21,,,,,,111,,111
09/29/21,,,,,,109,,109
09/28/21,,,,,,103,,103
09/27/21,,,,,,102,,102
09/26/21,,,,,,111,,111
09/25/21,,,,,,104,,104
09/24/21,,,,,,100,,100
09/23/21,,,,,,103,,103
09/22/21,,,,,,97,,97
09/21/21,,,,,,100,,100
09/20/21,,,,,,105,,105
09/19/21,,,,,,109,,109
09/18/21,,,,,,107,,107
09/17/21,,,,,,106,,106
09/16/21,,,,,,122,,122
09/15/21,,,,,,123,,123
09/14/21,,,,,,116,,116
09/13/21,,,,,,112,,112
09/12/21,,,,,,112,,112
09/11/21,,,,,,102,,102
09/10/21,,,,,,106,,106
09/09/21,,,,,,101,,101
09/08/21,,,,,,106,,106
09/07/21,,,,,,109,,109
09/06/21,,,,,,105,,105
09/05/21,,,,,,107,,107
09/04/21,,,,,,107,,107
09/03/21,,,,,,98,,98
09/02/21,,,,,,104,,104
09/01/21,,,,,,109,,109
08/31/21,,,,,,109,,109
08/30/21,,,,,,112,,112
08/29/21,,,,,,115,,115
08/28/21,,,,,,106,,106
08/27/21,,,,,,113,,113
08/26/21,,,,,,110,,110
08/25/21,,,,,,112,,112
08/24/21,,,,,,116,,116
08/23/21,,,,,,129,,129
08/22/21,,,,,,130,,130
08/21/21,,,,,,118,,118
08/20/21,,,,,,113,,113
08/19/21,,,,,,100,,100
08/18/21,,,,,,96,,96
08/17/21,,,,,,93,,93
08/16/21,,,,,,88,,88
08/15/21,,,,,,88,,88
08/14/21,,,,,,80,,80
08/13/21,,,,,,70,,70
08/12/21,,,,,,71,,71
08/11/21,,,,,,72,,72
08/10/21,,,,,,68,,68
08/09/21,,,,,,63,,63
08/08/21,,,,,,57,,57
08/07/21,,,,,,54,,54
08/06/21,,,,,,47,,47
08/05/21,,,,,,49,,49
08/04/21,,,,,,46,,46
08/03/21,,,,,,49,,49
08/02/21,,,,,,46,,46
08/01/21,,,,,,46,,46
07/31/21,,,,,,43,,43
07/30/21,,,,,,40,,40
07/29/21,,,,,,35,,35
07/28/21,,,,,,36,,36
07/27/21,,,,,,31,,31
07/26/21,,,,,,32,,32
07/25/21,,,,,,28,,28
07/24/21,,,,,,29,,29
07/23/21,,,,,,25,,25
07/22/21,,,,,,25,,25
07/21/21,,,,,,29,,29
07/20/21,,,,,,26,,26
07/19/21,,,,,,25,,25
07/18/21,,,,,,24,,24
07/17/21,,,,,,16,,16
07/16/21,,,,,,16,,16
07/15/21,,,,,,15,,15
07/14/21,,,,,,13,,13
07/13/21,,,,,,16,,16
07/12/21,,,,,,11,,11
07/11/21,,,,,,11,,11
07/10/21,,,,,,13,,13
07/09/21,,,,,,10,,10
07/08/21,,,,,,9,,9
07/07/21,,,,,,9,,9
07/06/21,,,,,,10,,10
07/05/21,,,,,,9,,9
07/04/21,,,,,,13,,13
07/03/21,,,,,,12,,12
07/02/21,,,,,,12,,12
07/01/21,,,,,,9,,9
06/30/21,,,,,,11,,11
06/29/21,,,,,,16,,16
06/28/21,,,,,,20,,20
06/27/21,,,,,,19,,19
06/26/21,,,,,,20,,20
06/25/21,,,,,,23,,23
06/24/21,,,,,,17,,17
06/23/21,,,,,,17,,17
06/22/21,,,,,,15,,15
06/21/21,,,,,,15,,15
06/20/21,,,,,,18,,18
06/19/21,,,,,,16,,16
06/18/21,,,,,,13,,13
06/17/21,,,,,,18,,18
06/16/21,,,,,,23,,23
06/15/21,,,,,,24,,24
06/14/21,,,,,,20,,20
06/13/21,,,,,,21,,21
06/12/21,,,,,,26,,26
06/11/21,,,,,,25,,25
06/10/21,,,,,,24,,24
06/09/21,,,,,,23,,23
06/08/21,,,,,,24,,24
06/07/21,,,,,,25,,25
06/06/21,,,,,,27,,27
06/05/21,,,,,,28,,28
06/04/21,,,,,,30,,30
06/03/21,,,,,,31,,31
06/02/21,,,,,,27,,27
06/01/21,,,,,,25,,25
05/31/21,,,,,,22,,22
05/30/21,,,,,,26,,26
05/29/21,,,,,,31,,31
05/28/21,,,,,,32,,32
05/27/21,,,,,,34,,34
05/26/21,,,,,,39,,39
05/25/21,,,,,,41,,41
05/24/21,,,,,,41,,41
05/23/21,,,,,,40,,40
05/22/21,,,,,,46,,46
05/21/21,,,,,,43,,43
05/20/21,,,,,,51,,51
05/19/21,,,,,,50,,50
05/18/21,,,,,,52,,52
05/17/21,,,,,,53,,53
05/16/21,,,,,,51,,51
05/15/21,,,,,,53,,53
05/14/21,,,,,,53,,53
05/13/21,,,,,,56,,56
05/12/21,,,,,,58,,58
05/11/21,,,,,,61,,61
05/10/21,,,,,,63,,63
05/09/21,,,,,,64,,64
05/08/21,,,,,,62,,62
05/07/21,,,,,,68,,68
05/06/21,,,,,,63,,63
05/05/21,,,,,,66,,66
05/04/21,,,,,,68,,68
05/03/21,,,,,,79,,79
05/02/21,,,,,,90,,90
05/01/21,,,,,,88,,88
04/30/21,,,,,,93,,93
04/29/21,,,,,,96,,96
04/28/21,,,,,,97,,97
04/27/21,,,,,,104,,104
04/26/21,,,,,,109,,109
04/25/21,,,,,,112,,112
04/24/21,,,,,,116,,116
04/23/21,,,,,,116,,116
04/22/21,,,,,,107,,107
04/21/21,,,,,,107,,107
04/20/21,,,,,,114,,114
04/19/21,,,,,,130,,130
04/18/21,,,,,,137,,137
04/17/21,,,,,,147,,147
04/16/21,,,,,,150,,150
04/15/21,,,,,,153,,153
04/14/21,,,,,,157,,157
04/13/21,,,,,,162,,162
04/12/21,,,,,,167,,167
04/11/21,,,,,,161,,161
04/10/21,,,,,,156,,156
04/09/21,,,,,,144,,144
04/08/21,,,,,,151,,151
04/07/21,,,,,,152,,152
04/06/21,,,,,,148,,148
04/05/21,,,,,,152,,152
04/04/21,,,,,,150,,150
04/03/21,,,,,,148,,148
04/02/21,,,,,,154,,154
04/01/21,,,,,,148,,148
03/31/21,,,,,,145,,145
03/30/21,,,,,,139,,139
03/29/21,,,,,,134,,134
03/28/21,,,,,,131,,131
03/27/21,,,,,,123,,123
03/26/21,,,,,,120,,120
03/25/21,,,,,,115,,115
03/24/21,,,,,,107,,107
03/23/21,,,,,,116,,116
03/22/21,,,,,,109,,109
03/21/21,,,,,,118,,118
03/20/21,,,,,,114,,114
03/19/21,,,,,,111,,111
03/18/21,,,,,,107,,107
03/17/21,,,,,,109,,109
03/16/21,,,,,,105,,105
03/15/21,,,,,,121,,121
03/14/21,,,,,,121,,121
03/13/21,,,,,,122,,122
03/12/21,,,,,,122,,122
03/11/21,,,,,,130,,130
03/10/21,,,,,,127,,127
03/09/21,,,,,,133,,133
03/08/21,,,,,,132,,132
03/07/21,,,,,,143,,143
03/06/21,,,,,,134,,134
03/05/21,,,,,,136,,136
03/04/21,,,,,,138,,138
03/03/21,,,,,,150,,150
03/02/21,,,,,,155,,155
03/01/21,,,,,,155,,155
02/28/21,,,,,,155,,155
02/27/21,,,,,,154,,154
02/26/21,,,,,,145,,145
02/25/21,,,,,,152,,152
02/24/21,,,,,,156,,156
02/23/21,,,,,,161,,161
02/22/21,,,,,,166,,166
02/21/21,,,,,,171,,171
02/20/21,,,,,,169,,169
02/19/21,,,,,,184,,184
02/18/21,,,,,,185,,185
02/17/21,,,,,,192,,192
02/16/21,,,,,,192,,192
02/15/21,,,,,,200,,200
02/14/21,,,,,,210,,210
02/13/21,,,,,,208,,208
02/12/21,,,,,,205,,205
02/11/21,,,,,,213,,213
02/10/21,,,,,,217,,217
02/09/21,,,,,,238,,238
02/08/21,,,,,,253,,253
02/07/21,,,,,,263,,263
02/06/21,,,,,,266,,266
02/05/21,,,,,,270,,270
02/04/21,,,,,,285,,285
02/03/21,,,,,,295,,295
02/02/21,,,,,,312,,312
02/01/21,,,,,,330,,330
01/31/21,,,,,,323,,323
01/30/21,,,,,,311,,311
01/29/21,,,,,,305,,305
01/28/21,,,,,,309,,309
01/27/21,,,,,,327,,327
01/26/21,,,,,,325,,325
01/25/21,,,,,,332,,332
01/24/21,,,,,,337,,337
01/23/21,,,,,,335,,335
01/22/21,,,,,,341,,341
01/21/21,,,,,,360,,360
01/20/21,,,,,,372,,372
01/19/21,,,,,,386,,386
01/18/21,,,,,,411,,411
01/17/21,,,,,,401,,401
01/16/21,,,,,,410,,410
01/15/21,,,,,,398,,398
01/14/21,,,,,,399,,399
01/13/21,,,,,,386,,386
01/12/21,,,,,,391,,391
01/11/21,,,,,,379,,379
01/10/21,,,,,,376,,376
01/09/21,,,,,,363,,363
01/08/21,,,,,,373,,373
01/07/21,,,,,,388,,388
01/06/21,,,,,,389,,389
01/05/21,,,,,,402,,402
01/04/21,,,,,,412,,412
01/03/21,,,,,,397,,397
01/02/21,,,,,,390,,390
01/01/21,,,,,,380,,380
12/31/20,,,,,,376,,376
12/30/20,,,,,,398,,398
12/29/20,,,,,,397,,397
12/28/20,,,,,,425,,425
12/27/20,,,,,,418,,418
12/26/20,,,,,,410,,410
12/25/20,,,,,,395,,395
12/24/20,,,,,,371,,371
12/23/20,,,,,,377,,377
12/22/20,,,,,,383,,383
12/21/20,,,,,,375,,375
12/20/20,,,,,,386,,386
12/19/20,,,,,,374,,374
12/18/20,,,,,,347,,347
12/17/20,,,,,,379,,379
12/16/20,,,,,,355,,355
12/15/20,,,,,,365,,365
12/14/20,,,,,,364,,364
12/13/20,,,,,,360,,360
12/12/20,,,,,,335,,335
12/11/20,,,,,,326,,326
12/10/20,,,,,,322,,322
12/09/20,,,,,,316,,316
12/08/20,,,,,,306,,306
12/07/20,,,,,,287,,287
12/06/20,,,,,,276,,276
12/05/20,,,,,,271,,271
12/04/20,,,,,,245,,245
12/03/20,,,,,,250,,250
12/02/20,,,,,,238,,238
12/01/20,,,,,,218,,218
11/30/20,,,,,,218,,218
11/29/20,,,,,,214,,214
11/28/20,,,,,,207,,207
11/27/20,,,,,,195,,195
11/26/20,,,,,,181,,181
11/25/20,,,,,,172,,172
11/24/20,,,,,,178,,178
11/23/20,,,,,,183,,183
11/22/20,,,,,,196,,196
11/21/20,,,,,,186,,186
11/20/20,,,,,,163,,163
11/19/20,,,,,,166,,166
11/18/20,,,,,,165,,165
11/17/20,,,,,,153,,153
11/16/20,,,,,,137,,137
11/15/20,,,,,,124,,124
11/14/20,,,,,,126,,126
11/13/20,,,,,,123,,123
11/12/20,,,,,,128,,128
11/11/20,,,,,,122,,122
11/10/20,,,,,,122,,122
11/09/20,,,,,,126,,126
11/08/20,,,,,,127,,127
11/07/20,,,,,,121,,121
11/06/20,,,,,,116,,116
11/05/20,,,,,,107,,107
11/04/20,,,,,,104,,104
11/03/20,,,,,,99,,99
11/02/20,,,,,,103,,103
11/01/20,,,,,,100,,100
10/31/20,,,,,,91,,91
10/30/20,,,,,,87,,87
10/29/20,,,,,,87,,87
10/28/20,,,,,,84,,84
10/27/20,,,,,,76,,76
10/26/20,,,,,,69,,69
10/25/20,,,,,,71,,71
10/24/20,,,,,,68,,68
10/23/20,,,,,,70,,70
10/22/20,,,,,,71,,71
10/21/20,,,,,,81,,81
10/20/20,,,,,,79,,79
10/19/20,,,,,,70,,70
10/18/20,,,,,,72,,72
10/17/20,,,,,,74,,74
10/16/20,,,,,,68,,68
10/15/20,,,,,,66,,66
10/14/20,,,,,,65,,65
10/13/20,,,,,,68,,68
10/12/20,,,,,,65,,65
10/11/20,,,,,,71,,71
10/10/20,,,,,,74,,74
10/09/20,,,,,,70,,70
10/08/20,,,,,,69,,69
10/07/20,,,,,,64,,64
10/06/20,,,,,,60,,60
10/05/20,,,,,,61,,61
10/04/20,,,,,,60,,60
10/03/20,,,,,,56,,56
10/02/20,,,,,,52,,52
10/01/20,,,,,,53,,53
09/30/20,,,,,,46,,46
09/29/20,,,,,,44,,44
09/28/20,,,,,,48,,48
09/27/20,,,,,,53,,53
09/26/20,,,,,,49,,49
09/25/20,,,,,,48,,48
09/24/20,,,,,,46,,46
09/23/20,,,,,,44,,44
09/22/20,,,,,,44,,44
09/21/20,,,,,,41,,41
09/20/20,,,,,,40,,40
09/19/20,,,,,,36,,36
09/18/20,,,,,,35,,35
09/17/20,,,,,,29,,29
09/16/20,,,,,,27,,27
09/15/20,,,,,,32,,32
09/14/20,,,,,,32,,32
09/13/20,,,,,,36,,36
09/12/20,,,,,,33,,33
09/11/20,,,,,,33,,33
09/10/20,,,,,,35,,35
09/09/20,,,,,,38,,38
09/08/20,,,,,,41,,41
09/07/20,,,,,,43,,43
09/06/20,,,,,,41,,41
09/05/20,,,,,,38,,38
09/04/20,,,,,,39,,39
09/03/20,,,,,,34,,34
09/02/20,,,,,,37,,37
09/01/20,,,,,,40,,40
08/31/20,,,,,,36,,36
08/30/20,,,,,,38,,38
08/29/20,,,,,,34,,34
08/28/20,,,,,,33,,33
08/27/20,,,,,,31,,31
08/26/20,,,,,,34,,34
08/25/20,,,,,,38,,38
08/24/20,,,,,,37,,37
08/23/20,,,,,,37,,37
08/22/20,,,,,,36,,36
08/21/20,,,,,,36,,36
08/20/20,,,,,,37,,37
08/19/20,,,,,,40,,40
08/18/20,,,,,,41,,41
08/17/20,,,,,,40,,40
08/16/20,,,,,,41,,41
08/15/20,,,,,,42,,42
08/14/20,,,,,,41,,41
08/13/20,,,,,,44,,44
08/12/20,,,,,,45,,45
08/11/20,,,,,,41,,41
08/10/20,,,,,,43,,43
08/09/20,,,,,,39,,39
08/08/20,,,,,,41,,41
08/07/20,,,,,,43,,43
08/06/20,,,,,,43,,43
08/05/20,,,,,,46,,46
08/04/20,,,,,,47,,47
08/03/20,,,,,,45,,45
08/02/20,,,,,,36,,36
08/01/20,,,,,,37,,37
07/31/20,,,,,,34,,34
07/30/20,,,,,,30,,30
07/29/20,,,,,,31,,31
07/28/20,,,,,,32,,32
07/27/20,,,,,,29,,29
07/26/20,,,,,,32,,32
07/25/20,,,,,,36,,36
07/24/20,,,,,,35,,35
07/23/20,,,,,,33,,33
07/22/20,,,,,,32,,32
07/21/20,,,,,,34,,34
07/20/20,,,,,,39,,39
07/19/20,,,,,,39,,39
07/18/20,,,,,,34,,34
07/17/20,,,,,,36,,36
07/16/20,,,,,,32,,32
07/15/20,,,,,,35,,35
07/14/20,,,,,,36,,36
07/13/20,,,,,,42,,42
07/12/20,,,,,,41,,41
07/11/20,,,,,,44,,44
07/10/20,,,,,,44,,44
07/09/20,,,,,,47,,47
07/08/20,,,,,,47,,47
07/07/20,,,,,,51,,51
07/06/20,,,,,,59,,59
07/05/20,,,,,,62,,62
07/04/20,,,,,,56,,56
07/03/20,,,,,,55,,55
07/02/20,,,,,,62,,62
07/01/20,,,,,,63,,63
06/30/20,,,,,,64,,64
06/29/20,,,,,,74,,74
06/28/20,,,,,,80,,80
06/27/20,,,,,,77,,77
06/26/20,,,,,,73,,73
06/25/20,,,,,,76,,76
06/24/20,,,,,,81,,81
06/23/20,,,,,,86,,86
06/22/20,,,,,,89,,89
06/21/20,,,,,,90,,90
06/20/20,,,,,,88,,88
06/19/20,,,,,,87,,87
06/18/20,,,,,,91,,91
06/17/20,,,,,,100,,100
06/16/20,,,,,,114,,114
06/15/20,,,,,,117,,117
06/14/20,,,,,,128,,128
06/13/20,,,,,,133,,133
06/12/20,,,,,,130,,130
06/11/20,,,,,,139,,139
06/10/20,,,,,,152,,152
06/09/20,,,,,,173,,173
06/08/20,,,,,,185,,185
06/07/20,,,,,,197,,197
06/06/20,,,,,,199,,199
06/05/20,,,,,,203,,203
06/04/20,,,,,,212,,212
06/03/20,,,,,,222,,222
06/02/20,,,,,,219,,219
06/01/20,,,,,,232,,232
05/31/20,,,,,,251,,251
05/30/20,,,,,,257,,257
05/29/20,,,,,,261,,261
05/28/20,,,,,,294,,294
05/27/20,,,,,,320,,320
05/26/20,,,,,,334,,334
05/25/20,,,,,,363,,363
05/24/20,,,,,,377,,377
05/23/20,,,,,,383,,383
05/22/20,,,,,,382,,382
05/21/20,,,,,,409,,409
05/20/20,,,,,,417,,417
05/19/20,,,,,,453,,453
05/18/20,,,,,,472,,472
05/17/20,,,,,,508,,508
05/16/20,,,,,,521,,521
05/15/20,,,,,,529,,529
05/14/20,,,,,,558,,558
05/13/20,,,,,,584,,584
05/12/20,,,,,,590,,590
05/11/20,,,,,,620,,620
05/10/20,,,,,,627,,627
05/09/20,,,,,,633,,633
05/08/20,,,,,,630,,630
05/07/20,,,,,,656,,656
05/06/20,,,,,,675,,675
05/05/20,,,,,,696,,696
05/04/20,,,,,,737,,737
05/03/20,,,,,,762,,762
05/02/20,,,,,,748,,748
05/01/20,,,,,,755,,755
04/30/20,,,,,,805,,805
04/29/20,,,,,,829,,829
04/28/20,,,,,,840,,840
04/27/20,,,,,,862,,862
04/26/20,,,,,,870,,870
04/25/20,,,,,,865,,865
04/24/20,,,,,,866,,866
04/23/20,,,,,,890,,890
04/22/20,,,,,,905,,905
04/21/20,,,,,,901,,901
04/20/20,,,,,,883,,883
04/19/20,,,,,,910,,910
04/18/20,,,,,,922,,922
04/17/20,,,,,,901,,901
04/16/20,,,,,,878,,878
04/15/20,,,,,,838,,838
04/14/20,,,,,,779,,779
04/13/20,,,,,,763,,763
04/12/20,,,,,,730,,730
04/11/20,,,,,,694,,694
04/10/20,,,,,,668,,668
04/09/20,,,,,,603,,603
04/08/20,,,,,,585,,585
04/07/20,,,,,,537,,537
04/06/20,,,,,,490,,490
04/05/20,,,,,,441,,441
04/04/20,,,,,,426,,426
04/03/20,,,,,,402,,402
04/02/20,,,,,,377,,377
04/01/20,,,,,,325,,325
03/31/20,,,,,,280,,280
03/30/20,,,,,,254,,254
03/29/20,,,,,,226,,226
03/28/20,,,,,,208,,208
03/27/20,,,,,,156,,156
03/26/20,,,,,,121,,121
03/25/20,,,,,,83,,83
03/24/20,,,,,,58,,58
03/23/20,,,,,,50,,50
03/22/20,,,,,,43,,43
03/21/20,,,,,,32,,32
03/20/20,,,,,,24,,24
03/19/20,,,,,,14,,14
03/18/20,,,,,,11,,11
03/17/20,,,,,,12,,12
03/16/20,,,,,,9,,9
03/15/20,,,,,,7,,7
03/14/20,,,,,,6,,6
03/13/20,,,,,,4,,4
03/12/20,,,,,,1,,1
03/11/20,,,,,,1,,1
03/10/20,,,,,,1,,1